Country ,Country Code,1990,1991,1992,1993,1994,1995,1996,1997,1998,1999,2000,2001,2002,2003,2004,2005,2006,2007,2008,2009,2010,2011,2012,2013,2014,2015,2016,2017,2018,2019,2020
Afghanistan,AFG,,,,,,,,,,,,,1189.78466796875,1235.81005859375,1200.2779541015625,1286.793701171875,1315.7890625,1460.8258056640625,1484.114501953125,1758.9044189453125,1957.029052734375,1904.5599365234373,2075.49169921875,2116.46533203125,2102.384521484375,2068.265869140625,2057.06787109375,2058.400146484375,2033.804443359375,2065.0361328125,1970.5601806640625
Albania,ALB,4827.03466796875,3496.37451171875,3264.825439453125,3598.8154296875,3921.62060546875,4471.60791015625,4908.939453125,4400.31884765625,4819.07470703125,5474.85791015625,5892.59033203125,6441.44970703125,6753.890625,7154.00537109375,7580.138671875,8040.0927734375,8568.5615234375,9150.1298828125,9912.162109375,10313.916015625,10749.4814453125,11052.7939453125,11227.966796875,11361.2685546875,11586.833984375,11878.4541015625,12291.859375,12770.9638671875,13317.0927734375,13656.5927734375,13191.9521484375
Algeria,DZA,8746.3408203125,8431.3779296875,8383.7587890625,8027.36572265625,7792.07421875,7935.1689453125,8116.94970703125,8074.74951171875,8360.140625,8506.3349609375,8710.4443359375,8855.0087890625,9232.416015625,9771.6728515625,10058.42578125,10504.8447265625,10527.4091796875,10717.7705078125,10796.888671875,10782.34765625,10970.6923828125,11078.228515625,11233.5166015625,11319.0830078125,11512.6904296875,11696.9501953125,11826.1513671875,11737.4013671875,11630.6796875,11521.984375,10735.3828125
Angola,AGO,5783.4296875,5649.7822265625,5148.2548828125,3788.509521484375,3717.365234375,4139.640625,4551.650390625,4728.15673828125,4792.68408203125,4740.66943359375,4727.96630859375,4766.8369140625,5240.83935546875,5218.20751953125,5593.24365234375,6210.22216796875,6681.10107421875,7341.865234375,7864.37451171875,7643.49560546875,7692.43408203125,7675.4462890625,8036.6923828125,8140.52587890625,8239.8310546875,8036.4111328125,7568.998046875,7310.896484375,6933.5,6670.33154296875,6110.2744140625
Antigua and Barbuda,ATG,15458.693359375,15588.2607421875,15500.728515625,15992.1552734375,16698.40234375,15628.3232421875,16303.4248046875,16828.34765625,17260.564453125,17551.734375,18313.62890625,17207.9140625,17143.587890625,17953.052734375,18743.572265625,19683.841796875,21849.22265625,23511.06640625,23131.931640625,20048.021484375,18206.015625,17605.439453125,17966.337890625,17643.130859375,18104.68359375,18594.544921875,19419.6328125,19840.283203125,21017.263671875,21850.1328125,17293.302734375
Argentina,ARG,14144.763671875,15221.7919921875,16209.326171875,17312.03515625,18092.021484375,17362.521484375,18104.697265625,19347.537109375,19866.244140625,18981.16796875,18625.283203125,17610.755859375,15523.0390625,16714.669921875,18032.611328125,19426.439453125,20777.65234375,22424.1171875,23103.45703125,21519.89453125,23521.26953125,24647.62890625,24118.8671875,24424.13671875,23550.099609375,23933.88671875,23189.52734375,23597.1171875,22747.2421875,22066.1015625,19690.662109375
Armenia,ARM,5180.06103515625,4616.94482421875,2735.78662109375,2554.172119140625,2757.231689453125,3008.2333984375,3234.069580078125,3378.9443359375,3654.052978515625,3798.673828125,4048.25,4464.3857421875,5081.5185546875,5823.71630859375,6472.14208984375,7419.87109375,8464.4853515625,9708.4150390625,10467.5302734375,9052.3837890625,9286.197265625,9725.2783203125,10397.654296875,10691.2763671875,11019.8388671875,11321.3330078125,11303.0673828125,12115.1396484375,12715.109375,13653.763671875,12619.892578125
Aruba,ABW,37035.03125,38455.20703125,38559.09765625,38948.3125,39830.51953125,39004.78515625,38097.984375,39714.09375,39655.921875,39367.0234375,41499.63671875,39388.3515625,37256.66015625,37200.05859375,39440.66796875,39407.19140625,39504.46875,40058.3125,39968.27734375,35731.98828125,34343.15234375,35392.60546875,34732.49609375,35980.1640625,35875.62890625,37715.92578125,38314.8046875,38897.12109375,,,
Australia,AUS,31016.416015625,30502.60546875,30259.41796875,31173.474609375,32073.02734375,32902.76953125,33724.97265625,34653.19140625,35876.22265625,37219.640625,38217.44921875,38474.15234375,39533.22265625,40262.9140625,41472.5390625,42222.2734375,42738.46484375,44072.8828125,44743.66015625,44649.16015625,44914.98046875,45389.171875,46350.921875,46744.6328125,47232.875,47569.29296875,48116.03125,48398.55078125,49029.10546875,49309.11328125,48678.68359375
Austria,AUT,37494.55859375,38399.67578125,38774.4921875,38658.6484375,39435.2109375,40425.39453125,41319.375,42136.6640625,43597.890625,45060.6171875,46469.859375,46878.91796875,47419.27734375,47633.11328125,48633.2734375,49387.02734375,50840.6953125,52565.07421875,53166.0546875,51030.7265625,51843.4296875,53179.1484375,53297.4453125,52997.75390625,52932.8984375,52873.859375,53345.7421875,54172.98828125,55258.37109375,55833.55859375,51857.69140625
Azerbaijan,AZE,7616.91015625,7463.62890625,5690.18115234375,4309.92138671875,3414.51123046875,2976.9951171875,2985.337158203125,3128.1640625,3408.475341796875,3628.716796875,3998.5205078125,4360.45947265625,4736.564453125,5180.6865234375,5610.76318359375,7106.59814453125,9453.94140625,11684.19140625,12672.3759765625,13565.85546875,14082.23828125,13913.8369140625,14027.46875,14651.6943359375,14867.943359375,14852.611328125,14232.1923828125,14121.4072265625,14209.5927734375,14442.041015625,13726.76953125
Bahamas,BHS,38144.15625,35879.69921875,33855.80859375,33328.96484375,33782.24609375,34716.5390625,35698.5078125,37703.8828125,35604.78125,39477.2421875,40565.9296875,41001.75,41420.99609375,40183.296875,39804.5234375,40401.53125,40644.64453125,40456.0078125,38792.4453125,36543.08203125,36547.4296875,36296.39453125,37005.37890625,35331.1640625,35801.91796875,36023.59375,35701.23046875,35917.7578125,36539.66015625,36432.51953125,30846.583984375
Bahrain,BHR,38601.03125,41770.640625,43430.26953125,47819.42578125,46538.7734375,47157.21484375,47825.875,47957.0703125,48717.18359375,48988.5703125,49406.29296875,48245.77734375,47311.74609375,47476.984375,47661.39453125,47493.1484375,46910.19140625,47000.31640625,46408.83203125,44759.39453125,44599.8046875,44157.48046875,45035.98046875,46930.83203125,48201.15625,48110.734375,47937.7109375,47709.77734375,46389.265625,45311.86328125,41480.578125
Bangladesh,BGD,1517.729248046875,1534.525146484375,1582.3135986328125,1621.326904296875,1648.7340087890625,1696.56787109375,1735.9219970703125,1775.964111328125,1829.5037841796875,1876.5989990234373,1937.729248046875,1998.0662841796875,2037.236328125,2097.168701171875,2171.688720703125,2279.53125,2399.082275390625,2537.111083984375,2659.04931640625,2762.180419921875,2883.466796875,3034.951171875,3195.781005859375,3349.02490234375,3511.6455078125,3700.11083984375,3920.14453125,4160.703125,4440.85595703125,4753.72705078125,4871.4462890625
Barbados,BRB,13984.1923828125,13388.5888671875,12579.4677734375,12632.189453125,12836.380859375,13042.6162109375,13505.7978515625,14086.0654296875,14548.818359375,14537.001953125,15124.4365234375,14713.4033203125,14778.8720703125,15050.4033203125,15210.072265625,15752.3603515625,16612.734375,16903.873046875,16946.671875,16019.71484375,15596.6171875,15444.74609375,15335.84765625,15088.44140625,15041.5546875,15382.765625,15738.0791015625,15789.041015625,15674.904296875,15639.0478515625,12655.4013671875
Belarus,BLR,8895.1728515625,8784.376953125,7923.650390625,7305.30712890625,6458.21435546875,5805.36328125,5988.03955078125,6698.4580078125,7293.908203125,7575.91845703125,8053.173828125,8477.083984375,8961.6416015625,9660.193359375,10839.9560546875,11940.1865234375,13214.87109375,14417.353515625,15942.8974609375,16014.115234375,17300.703125,18274.021484375,18611.455078125,18805.431640625,19119.345703125,18362.74609375,17883.126953125,18356.1015625,18974.69921875,19279.208984375,19186.775390625
Belgium,BEL,35506.92578125,36023.68359375,36426.9921875,35935.95703125,36981.44921875,37784.1484375,38208.71875,39562.37109375,40252.46875,41583.09765625,43024.140625,43347.890625,43890.59765625,44160.91015625,45540.46875,46342.1875,47212.578125,48590.40234375,48423.515625,47064.7890625,47972.55859375,48154.87109375,48210.92578125,48204.5859375,48748.62109375,49456.3984375,49829.92578125,50442.26953125,51126.66796875,51944.16796875,48769.7265625
Belize,BLZ,4854.9755859375,5310.13623046875,5852.82861328125,6116.2421875,6002.79296875,5887.2626953125,5784.20166015625,5775.287109375,5765.63134765625,6042.650390625,6599.3203125,6698.158203125,6819.462890625,7261.1171875,7413.87939453125,7363.849609375,7519.41357421875,7363.40283203125,7426.8701171875,7257.73486328125,7294.6630859375,7259.64501953125,7264.63916015625,7194.62158203125,7322.8828125,7358.61865234375,7206.95263671875,7193.63427734375,7261.6943359375,7251.88623046875,6121.84326171875
Benin,BEN,2175.20849609375,2191.840576171875,2179.50732421875,2227.353271484375,2195.822021484375,2253.11962890625,2277.76171875,2336.5458984375,2358.280029296875,2411.991455078125,2478.21826171875,2532.634033203125,2570.787353515625,2579.69775390625,2614.21240234375,2581.642333984375,2606.8173828125,2685.13037109375,2738.1943359375,2724.084716796875,2704.70556640625,2707.86962890625,2759.84814453125,2876.90380859375,2975.854736328125,2945.97021484375,2961.4404296875,3044.51708984375,3160.78076171875,3287.3095703125,3323.14453125
Bermuda,BMU,65961.40625,63958.89453125,64385.40625,65967.8515625,65904.71875,68313.3828125,69643.40625,72403.8828125,74677.09375,76772.3203125,83181.5234375,88231.78125,86364.15625,88727.3125,90195.8125,91114.078125,95615.359375,98257.9921875,95855.796875,89961.984375,88399.9140625,85829.375,80982.3671875,80503.6484375,77361.1015625,77842.75,78149.3515625,81834.953125,81422.1328125,81804.265625,76626.5234375
Bhutan,BTN,2880.57177734375,2848.23876953125,2979.907470703125,3050.140869140625,3205.291259765625,3414.55078125,3559.029052734375,3680.665283203125,3810.85986328125,4018.927490234375,4061.4990234375,4308.525390625,4686.0107421875,4957.529296875,5165.17333984375,5456.70751953125,5761.75,6743.04638671875,6995.779296875,7393.91796875,8190.576171875,8744.9580078125,9084.0048828125,9163.5634765625,9574.029296875,10086.0732421875,10775.1904296875,11142.474609375,11348.4423828125,11864.7666015625,10551.4521484375
Bolivia,BOL,4587.42919921875,4728.04736328125,4705.5869140625,4804.5400390625,4925.10791015625,5050.31396484375,5164.25,5312.0810546875,5469.4697265625,5386.17919921875,5415.52587890625,5402.75927734375,5434.083984375,5479.26708984375,5605.20166015625,5749.53173828125,5920.7099609375,6085.38623046875,6351.22607421875,6455.96826171875,6612.80322265625,6844.98388671875,7081.38623046875,7444.49072265625,7730.63818359375,7984.412109375,8202.5439453125,8423.697265625,8655.53125,8724.474609375,7845.1708984375
Bosnia and Herzegovina,BIH,,,,,1653.423583984375,2053.399169921875,3946.67041015625,5344.1591796875,6180.712890625,6757.74755859375,7604.513671875,7779.7978515625,8162.5009765625,8471.869140625,9002.9150390625,9350.947265625,9856.97265625,10441.603515625,11035.04296875,10755.9755859375,10938.2890625,11176.880859375,11257.83984375,11725.255859375,12066.591796875,12630.6669921875,13194.3310546875,13753.837890625,14386.7373046875,14896.7958984375,14509.265625
Botswana,BWA,8431.7392578125,8790.353515625,8799.828125,8740.44140625,8836.787109375,9232.009765625,9539.3837890625,10094.1357421875,9911.1357421875,10636.8466796875,10629.947265625,10457.1484375,10896.8828125,11205.400390625,11305.5732421875,11600.3291015625,12318.3623046875,13056.6728515625,13581.1689453125,12298.83203125,13126.21484375,13724.6708984375,14166.5439453125,15597.6171875,16042.052734375,14895.9052734375,15654.681640625,15948.0322265625,16222.4072265625,16347.91015625,14654.6513671875
Brazil,BRA,10520.7431640625,10443.958984375,10211.2978515625,10537.2734375,10973.25390625,11254.1171875,11321.3896484375,11524.111328125,11387.623046875,11272.70703125,11600.9482421875,11602.5,11800.8408203125,11786.333984375,12316.3740234375,12565.94140625,12922.1552734375,13564.994140625,14114.974609375,13962.2587890625,14873.2080078125,15323.3310546875,15478.79296875,15805.22265625,15749.51171875,15064.17578125,14451.1533203125,14524.61328125,14668.255859375,14763.8720703125,14063.982421875
Brunei,BRN,71232.7890625,71405.375,72705.7265625,70908.8046875,71176.34375,72446.8984375,72695.1484375,69939.9765625,67986.140625,68540.8203125,69022.8828125,69483.90625,70771.6015625,71483.1796875,70616.6171875,69787.8203125,71843.5234375,71051.7109375,68856.1640625,66851.1171875,67753.421875,69388.8125,69090.34375,66715.6953125,64190.82421875,63147.484375,60867.29296875,60994.53125,60389.18359375,62098.01171875,62200.8828125
Bulgaria,BGR,12507.7138671875,11565.3740234375,10840.0791015625,10765.150390625,10998.1474609375,11362.646484375,12015.9267578125,10382.8515625,10848.4208984375,9993.44921875,10503.6201171875,11124.505859375,12036.18359375,12767.2685546875,13701.5009765625,14779.193359375,15904.90234375,17078.369140625,18250.541015625,17767.513671875,18160.607421875,18661.48046875,18911.583984375,18911.126953125,19202.80859375,19988.224609375,20740.794921875,21469.9453125,22206.08984375,23265.876953125,22379.09375
Burkina Faso,BFA,1017.5400390625,1080.5152587890625,1054.253662109375,1061.5869140625,1046.6097412109375,1076.4686279296875,1162.451416015625,1201.950927734375,1254.1370849609375,1309.402587890625,1296.7479248046875,1343.5435791015625,1362.2801513671875,1426.61669921875,1447.503662109375,1527.022216796875,1574.7301025390625,1590.830322265625,1632.9486083984375,1631.19384765625,1716.3582763671875,1775.7791748046875,1834.5433349609373,1883.7965087890625,1907.94921875,1925.33203125,1981.4298095703125,2044.386962890625,2117.81396484375,2175.504638671875,2155.769287109375
Burundi,BDI,1184.842041015625,1215.88720703125,1202.1063232421875,1105.2286376953125,1044.716064453125,947.8222045898438,861.4828491210938,839.1968383789062,870.0438232421875,850.0469360351562,828.00048828125,826.0289306640625,839.7778930664062,804.8842163085938,817.461181640625,798.704833984375,815.0536499023438,815.908203125,827.7922973632812,831.5648193359375,846.1691284179688,852.5026245117188,862.7156982421875,877.27294921875,886.2354125976562,825.2056884765625,794.604248046875,773.5728759765625,761.5241088867188,751.6641235351562,731.063232421875
Cambodia,KHM,,,,1763.81787109375,1111.166748046875,1182.447509765625,1214.9263916015625,1228.2996826171875,1252.339599609375,1377.4986572265625,1481.6568603515625,1570.0738525390625,1642.6080322265625,1752.041259765625,1902.0966796875,2120.5517578125,2313.343017578125,2511.901123046875,2640.631591796875,2603.58349609375,2716.69970703125,2862.907958984375,3022.5966796875,3191.86181640625,3364.278076171875,3541.376708984375,3728.099609375,3928.3740234375,4159.33837890625,4388.80078125,4191.56640625
Cameroon,CMR,3379.82568359375,3155.259033203125,2968.999755859375,2656.0244140625,2630.8408203125,2633.529296875,2671.686279296875,2719.9013671875,2775.04736328125,2825.619140625,2858.00830078125,2903.922119140625,2954.419189453125,3033.329833984375,3160.892578125,3144.939208984375,3176.917236328125,3224.755126953125,3226.595458984375,3219.964111328125,3223.510009765625,3242.3544921875,3300.945556640625,3372.90380859375,3470.78564453125,3570.424560546875,3634.381103515625,3665.117919921875,3711.850341796875,3742.856689453125,3666.41064453125
Canada,CAN,,,,,,,,34034.45703125,34697.08984375,35782.69140625,37194.39453125,37309.6484375,38169.10546875,39268.2109375,40426.23046875,42046.87109375,43358.18359375,45888.4765625,45851.62890625,44003.6171875,44861.5234375,45822.59765625,46126.515625,46704.76171875,47564.609375,47522.140625,47457.5859375,48317.17578125,48962.48046875,49171.51171875,46064.25390625
Cape Verde,CPV,1748.6185302734375,1730.787109375,1868.638427734375,1974.2406005859373,2288.2412109375,2546.60107421875,2769.275146484375,3010.83544921875,3319.8349609375,3622.65380859375,4065.4794921875,4084.444091796875,4228.51318359375,4336.865234375,4709.037109375,4964.79736328125,5291.04736328125,6018.107421875,6341.20458984375,6185.7607421875,6200.34375,6366.12841796875,6353.70751953125,6323.37646484375,6281.7939453125,6266.8818359375,6482.7216796875,6643.1796875,6864.18505859375,7171.82666015625,6045.06103515625
Cayman Islands,CYM,,,,,,,,,,,,,,,,,80513.4765625,80595.6640625,77987.96875,70428.4296875,66882.5078125,66255.6328125,65835.0859375,65598.1796875,66326.890625,67241.28125,68484.5078125,69753.0859375,71784.046875,73633.703125,67871.1953125
Central African Republic,CAF,1201.6746826171875,1165.240234375,1060.6383056640625,1033.8309326171875,1053.7459716796875,1098.89453125,1027.6500244140625,1055.2576904296875,1078.453857421875,1091.36083984375,1040.1038818359375,1062.7222900390625,1077.9541015625,998.9999389648438,1037.8447265625,1026.9139404296875,1055.0872802734375,1082.6866455078125,1085.4403076171875,1161.1900634765625,1201.3521728515625,1242.71484375,1300.288818359375,824.9432983398438,822.6112060546875,852.7492065429688,884.4951782226562,912.8030395507812,933.1099243164062,945.1420288085938,936.28759765625
Chad,TCD,1003.7855224609376,1055.162109375,1103.79736328125,901.025634765625,960.5858154296876,940.6824340820312,929.5803833007812,949.080810546875,980.2344360351562,939.27294921875,897.3470458984375,964.7374877929688,1007.062744140625,1111.6046142578125,1430.3682861328125,1618.1365966796875,1572.482177734375,1569.748779296875,1564.791748046875,1577.66943359375,1732.6915283203125,1676.7694091796875,1765.1949462890625,1804.322509765625,1866.26611328125,1857.10791015625,1687.0535888671875,1587.0323486328125,1576.3211669921875,1579.6260986328125,1519.0367431640625
Chile,CHL,9849.6484375,10444.7509765625,11421.0380859375,11977.025390625,12382.8828125,13287.8671875,13990.9267578125,14828.0166015625,15271.4716796875,15022.9150390625,15638.0009765625,15973.6201171875,16293.185546875,16782.939453125,17807.169921875,18634.626953125,19603.697265625,20346.740234375,20840.404296875,20298.25,21262.466796875,22337.861328125,23300.44140625,24006.8125,24173.064453125,24440.416015625,24531.357421875,24470.703125,25028.91015625,24967.580078125,23324.525390625
China,CHN,1423.8963623046875,1534.705322265625,1731.6572265625,1949.5343017578125,2178.924072265625,2391.47705078125,2601.363525390625,2812.711181640625,3004.42724609375,3206.72998046875,3451.67919921875,3712.338134765625,4024.355712890625,4400.8251953125,4817.2119140625,5334.646484375,5979.78173828125,6795.173828125,7412.87451171875,8069.3544921875,8884.587890625,9680.09765625,10370.7265625,11101.9384765625,11851.404296875,12612.3515625,13399.1376953125,14243.5322265625,15133.99609375,15977.6455078125,16315.8154296875
Colombia,COL,8307.2529296875,8308.9326171875,8478.203125,8764.5263671875,9100.9833984375,9400.3095703125,9424.0966796875,9580.0869140625,9473.818359375,8927.73046875,9042.6630859375,9051.4140625,9137.4638671875,9356.2099609375,9716.4990234375,10049.1259765625,10586.794921875,11161.513671875,11393.2021484375,11395.5625,11783.2998046875,12480.546875,12852.6259765625,13390.4853515625,13852.2421875,14095.748046875,14194.515625,14171.3203125,14314.85546875,14585.302734375,13448.9326171875
Comoros,COM,3061.330810546875,2812.282470703125,2964.216796875,2966.222900390625,2730.6279296875,2751.1640625,2642.09375,2675.58251953125,2639.297607421875,2621.56640625,2833.591064453125,2829.08349609375,2825.801025390625,2817.312744140625,2804.00390625,2815.7021484375,2821.9384765625,2777.142333984375,2819.65869140625,2840.6328125,2878.269775390625,2924.685546875,2946.2021484375,3005.5107421875,2996.37939453125,2959.498046875,2987.97021484375,3032.26220703125,3073.11669921875,3058.818115234375,2989.17041015625
Congo,COG,5068.287109375,5049.2060546875,5040.35791015625,4854.62646484375,4461.65771484375,4510.63330078125,4571.97119140625,4414.3134765625,4448.4091796875,4209.771484375,4399.8427734375,4438.69189453125,4512.43212890625,4420.22509765625,4438.9775390625,4634.9716796875,4841.59521484375,4368.58837890625,4487.37744140625,4847.7568359375,5169.16748046875,5137.61181640625,5504.18505859375,5331.904296875,5552.8447265625,5224.30224609375,4544.07568359375,4234.65966796875,3928.427978515625,3825.701416015625,3433.958984375
Costa Rica,CRI,9932.6298828125,9895.4951171875,10528.34765625,10988.775390625,11198.02734375,11378.0,11255.9736328125,11595.9375,12148.197265625,12394.5478515625,12624.0703125,12832.5732421875,13054.71875,13411.8486328125,13802.728515625,14149.51953125,14976.8154296875,15989.3310546875,16527.435546875,16174.27734375,16830.435546875,17360.201171875,17994.537109375,18233.015625,18669.095703125,19141.68359375,19736.666015625,20347.03515625,20672.615234375,20937.5390625,19903.140625
Cote d'Ivoire,CIV,4271.5654296875,4122.072265625,3967.5615234375,3822.90771484375,3723.785400390625,3858.69140625,4025.03076171875,4277.60546875,4328.7587890625,4258.21923828125,4137.9619140625,3953.124755859375,3760.719482421875,3508.05908203125,3545.085693359375,3505.48681640625,3527.240234375,3488.646728515625,3574.517578125,3619.5791015625,3778.20849609375,3491.021240234375,3666.637451171875,3961.82861328125,4225.95556640625,4417.150390625,4615.70947265625,4830.75048828125,5033.47900390625,5212.55419921875,5181.31103515625
Croatia,HRV,,,,,,15146.720703125,16273.513671875,17355.87109375,17749.61328125,17670.224609375,18362.10546875,19661.060546875,20773.845703125,21915.55859375,22818.541015625,23771.9453125,24940.021484375,26170.99609375,26670.220703125,24754.16015625,24500.068359375,24563.84765625,24078.330078125,24057.80859375,24072.439453125,24884.666015625,25944.2578125,27154.083984375,28192.328125,29336.0859375,27076.978515625
Curacao,CUW,,,,,,,,,,,29669.865234375,30562.318359375,30646.1484375,30107.1796875,29653.96484375,29102.86328125,28829.017578125,28963.41015625,29227.076171875,28883.103515625,28543.361328125,28313.048828125,28040.03515625,27503.7890625,26826.591796875,26548.69921875,26009.52734375,25475.490234375,25054.89453125,24494.341796875,20309.09765625
Cyprus,CYP,25232.0,24769.056640625,26385.94140625,25936.685546875,26904.6953125,28630.77734375,28529.88671875,28871.16796875,30262.10546875,31421.0234375,32943.109375,33878.07421875,34738.94140625,35219.59375,36498.3515625,37722.421875,38847.0390625,39967.4296875,40397.703125,38535.10546875,38296.69921875,37481.8125,35642.640625,33384.46484375,33136.48046875,34453.1171875,36509.0703125,38287.96875,39977.0,41521.921875,38816.09375
Czechia,CZE,23585.181640625,20895.87890625,20768.7890625,20760.0546875,21356.3125,22758.59765625,23756.978515625,23659.3203125,23597.306640625,23948.384765625,24976.505859375,25833.4140625,26289.626953125,27239.55859375,28542.25390625,30384.447265625,32352.8125,33956.24609375,34580.44140625,32782.61328125,33483.13671875,34002.19140625,33688.1015625,33661.46875,34386.703125,36168.41796875,37014.9609375,38824.88671875,39932.9921875,40981.0546875,38511.26953125
Democratic Republic of Congo,COD,1819.7232666015625,1606.32666015625,1382.761962890625,1150.836181640625,1066.4681396484375,1039.7528076171875,1000.6891479492188,921.4224243164062,885.785888671875,828.209228515625,751.5577392578125,715.6779174804688,715.4544067382812,732.53662109375,757.6860961914062,778.968017578125,794.429443359375,817.069580078125,839.8156127929688,835.6116943359375,865.6840209960938,894.8265380859375,926.787841796875,972.4559326171876,1029.790771484375,1065.242431640625,1055.5728759765625,1059.810791015625,1085.8936767578125,1097.9488525390625,1082.4451904296875
Denmark,DNK,39027.98046875,39469.32421875,40108.890625,39979.7578125,41969.6875,43015.67578125,44013.38671875,45260.13671875,46096.37109375,47298.5390625,48907.01171875,49133.22265625,49204.8984375,49262.64453125,50446.54296875,51483.2734375,53322.2890625,53569.02734375,52982.53125,50114.05078125,50825.4140625,51293.20703125,51216.30859375,51479.265625,52048.3359375,52892.64453125,54185.0078125,55356.6796875,56178.7734375,57161.6875,55819.91015625
Djibouti,DJI,,,,,,,,,,,,,,,,,,,,,,,,4028.432373046875,4238.9443359375,4488.802734375,4709.52392578125,4885.205078125,5214.072265625,5534.76611328125,5481.11474609375
Dominica,DMA,7775.4375,7885.2705078125,8026.02294921875,8168.00537109375,8144.82958984375,8384.4892578125,8665.72265625,8897.8984375,9287.5361328125,9367.8056640625,9611.533203125,9602.501953125,9308.3642578125,9862.7373046875,10122.4658203125,10160.994140625,10613.689453125,11275.3779296875,12072.84765625,11928.4443359375,12003.765625,11971.0205078125,11837.236328125,11708.14453125,12216.5322265625,11873.7421875,12154.7509765625,11304.04296875,11527.5712890625,12368.939453125,10288.8671875
Dominican Republic,DOM,6203.2080078125,6143.84814453125,6706.0263671875,7068.10791015625,7122.37646484375,7396.841796875,7707.39501953125,8255.564453125,8670.4375,9043.59765625,9322.1396484375,9410.0322265625,9690.5986328125,9424.794921875,9533.3193359375,10291.3037109375,11087.482421875,11756.466796875,11980.83984375,11944.34765625,12782.45703125,13024.328125,13219.6943359375,13702.3212890625,14499.630859375,15328.359375,16166.611328125,16735.365234375,17711.794921875,18412.900390625,17003.013671875
East Timor,TLS,,,,,,,,,,,2328.064208984375,2658.01123046875,2422.161865234375,2308.23681640625,2258.38427734375,2271.537109375,2132.307861328125,2305.87353515625,2522.188720703125,2729.281494140625,2931.431640625,3051.236083984375,3143.27783203125,3182.736083984375,3266.731689453125,3295.3037109375,3342.60888671875,3177.485107421875,3094.1298828125,3626.673095703125,3925.9482421875
Ecuador,ECU,8293.740234375,8450.1513671875,8432.619140625,8406.5576171875,8571.7392578125,8575.6748046875,8539.337890625,8723.8291015625,8826.38671875,8243.4111328125,8176.34423828125,8350.8857421875,8541.671875,8625.79296875,9178.41796875,9503.6943359375,9757.375,9805.6513671875,10257.3994140625,10148.8662109375,10340.970703125,10984.2841796875,11431.3759765625,11818.5869140625,12078.474609375,11896.375,11551.6162109375,11617.912109375,11561.748046875,11370.603515625,10329.19921875
Egypt,EGY,6086.6865234375,6016.90673828125,6152.92919921875,6203.068359375,6321.25048828125,6483.3154296875,6671.08935546875,6897.521484375,7138.21240234375,7422.83544921875,7744.71533203125,7867.50732421875,7905.41259765625,8007.64501953125,8184.06591796875,8397.0322265625,8814.146484375,9274.9775390625,9763.5048828125,10031.033203125,10340.0732421875,10302.4423828125,10301.107421875,10290.19140625,10353.6669921875,10570.4453125,10795.80859375,11014.486328125,11366.3359375,11763.2529296875,11951.447265625
El Salvador,SLV,5287.49560546875,5294.05126953125,5588.24609375,5833.52490234375,6028.79541015625,6239.39501953125,6222.21484375,6354.5400390625,6465.1640625,6551.751953125,6577.15380859375,6591.26904296875,6655.48779296875,6723.6572265625,6749.98291015625,6900.4892578125,7168.00341796875,7269.72021484375,7392.896484375,7208.12353515625,7328.79833984375,7575.8447265625,7754.9853515625,7892.46630859375,7990.44189453125,8143.326171875,8309.900390625,8454.0517578125,8615.689453125,8776.119140625,7982.6259765625
Equatorial Guinea,GNQ,1039.985107421875,996.8783569335938,1299.925537109375,1395.4034423828125,1572.0623779296875,1781.264892578125,2857.502197265625,6868.4931640625,8165.994140625,9851.275390625,11176.5185546875,17523.544921875,20084.34375,21944.505859375,29004.1875,32390.20703125,33330.890625,36685.34375,41249.48828125,39914.17578125,34732.21875,35377.73828125,36671.359375,33678.73828125,32436.552734375,28313.43359375,24827.03125,22550.958984375,20386.013671875,18502.564453125,17007.625
Estonia,EST,,,,,,12730.7177734375,13558.568359375,15503.8447265625,16332.8203125,16215.5791015625,17765.20703125,18952.107421875,20364.0078125,22049.68359375,23691.15234375,26096.98828125,28814.919921875,31140.580078125,29621.763671875,25337.17578125,26015.74609375,27990.13671875,28997.322265625,29525.119140625,30494.095703125,31038.8046875,32008.93359375,33821.93359375,35097.703125,36401.109375,35257.16015625
Eswatini,SWZ,5097.82373046875,5047.36669921875,5079.630859375,5115.21630859375,5123.07861328125,5258.97021484375,5353.18896484375,5416.68408203125,5464.12109375,5545.10302734375,5579.13671875,5592.505859375,5806.26708984375,6009.49560546875,6206.091796875,6551.01025390625,6906.564453125,7167.54296875,7176.21337890625,7236.73486328125,7459.22802734375,7575.7158203125,7930.869140625,8179.8154296875,8193.6728515625,8307.7822265625,8321.0244140625,8408.0361328125,8520.5849609375,8652.9228515625,8404.7275390625
Ethiopia,ETH,767.0135498046875,687.5431518554688,605.7706909179688,661.3124389648438,659.0914306640625,676.586669921875,736.9478149414062,737.3295288085938,691.2163696289062,706.1643676757812,727.7666625976562,765.8093872070312,755.4346923828125,718.3330078125,793.09375,862.3553466796875,929.6944580078124,1008.1353149414062,1086.699462890625,1150.2060546875,1259.0225830078125,1360.9384765625,1437.3765869140625,1545.177978515625,1656.634521484375,1779.0841064453125,1894.8973388671875,2021.5628662109373,2103.515869140625,2221.40478515625,2296.827392578125
Fiji,FJI,8451.4267578125,8146.9423828125,8538.5732421875,8599.255859375,8912.15625,9019.2626953125,9344.2041015625,9042.408203125,9075.1083984375,9798.357421875,9575.8603515625,9732.4326171875,10027.435546875,10117.5205078125,10630.484375,10656.142578125,10771.4365234375,10573.5966796875,10566.9052734375,10319.369140625,10547.91015625,10787.6396484375,10919.4755859375,11429.3330078125,12058.005859375,12569.064453125,12820.7568359375,13429.30078125,13846.12109375,13684.2919921875,11450.7509765625
Finland,FIN,32939.3828125,30831.609375,29648.744140625,29310.306640625,30340.82421875,31499.806640625,32548.015625,34506.7734375,36293.390625,37795.05859375,39894.1953125,40842.33984375,41439.01953125,42168.6953125,43724.96484375,44786.91015625,46412.19921875,48664.265625,48817.98828125,44662.1015625,45874.66015625,46825.82421875,45952.24609375,45328.57421875,44976.77734375,45072.58984375,46206.7890625,47570.1328125,48049.58203125,48582.5859375,47154.42578125
France,FRA,33732.015625,33897.23046875,34268.54296875,33905.8828125,34576.54296875,35177.66015625,35548.62890625,36250.6875,37413.4375,38494.9453125,39732.28125,40226.62890625,40388.625,40433.48828125,41272.6328125,41643.98828125,42367.5703125,43127.2109375,42996.2109375,41546.4921875,42147.671875,42864.01953125,42790.6328125,42816.26953125,43021.39453125,43345.78515625,43705.1484375,44577.06640625,45284.00390625,46017.765625,42320.5234375
Gabon,GAB,18179.169921875,18770.603515625,17704.52734375,17917.21875,18099.396484375,18514.568359375,18703.166015625,19284.529296875,19465.24609375,17297.806640625,16567.24609375,16522.197265625,16093.4052734375,16060.6875,15767.1796875,15761.1484375,14894.693359375,15334.7236328125,14378.4931640625,13934.8564453125,14415.4462890625,14883.494140625,15082.65625,15342.181640625,15437.2646484375,15510.0390625,15359.740234375,15006.84375,14743.6982421875,14945.859375,14320.8447265625
Gambia,GMB,2265.2333984375,2248.380615234375,2245.61083984375,2240.45361328125,2175.50439453125,2127.874755859375,2108.82861328125,2145.031005859375,2152.681884765625,2220.51953125,2270.486572265625,2327.354248046875,2180.8525390625,2257.27783203125,2341.173095703125,2216.18603515625,2137.818603515625,2137.857177734375,2205.114501953125,2283.186279296875,2346.720458984375,2091.828857421875,2135.744140625,2131.43603515625,2038.802490234375,2058.658203125,2036.877197265625,2072.646728515625,2158.07763671875,2224.909912109375,2156.754638671875
Georgia,GEO,11135.462890625,8724.2900390625,4769.99658203125,3346.568115234375,3045.04248046875,3243.84619140625,3740.4853515625,4268.6953125,4511.48876953125,4737.4052734375,4919.23193359375,5236.22265625,5572.6220703125,6230.82177734375,6632.814453125,7315.1982421875,8049.90625,9109.8974609375,9358.6142578125,9097.4208984375,9736.732421875,10541.4716796875,11295.75390625,11740.0888671875,12254.6455078125,12605.1396484375,12963.744140625,13589.70703125,14253.4091796875,14989.2578125,13966.326171875
Germany,DEU,36699.48046875,38294.15625,38734.9375,38105.23046875,38881.5703125,39366.08984375,39568.6015625,40218.84765625,41022.61328125,41769.8125,42928.1796875,43576.63671875,43417.30859375,43089.47265625,43605.27734375,43949.2890625,45678.08203125,47100.609375,47643.22265625,45044.48828125,46999.23828125,49757.92578125,49872.44921875,49954.171875,50845.52734375,51159.296875,51879.671875,53071.45703125,53486.83984375,53929.640625,51423.234375
Ghana,GHA,2404.509521484375,2459.2509765625,2481.8701171875,2528.98681640625,2540.683837890625,2574.8359375,2624.175537109375,2666.12890625,2723.29541015625,2774.32421875,2807.361572265625,2849.006103515625,2905.238525390625,2982.0869140625,3071.8056640625,3172.17041015625,3290.06298828125,3345.635986328125,3558.7890625,3637.476318359375,3828.41943359375,4261.62060546875,4548.57958984375,4769.07275390625,4794.14697265625,4785.99462890625,4837.5380859375,5115.90673828125,5315.25390625,5540.04541015625,5445.7255859375
Greece,GRC,24262.947265625,24716.625,24700.23828125,24162.4765625,24522.6328125,24920.837890625,25521.390625,26534.609375,27415.744140625,28149.96484375,29133.96484375,30180.357421875,31249.533203125,32981.49609375,34565.0625,34670.3359375,36520.20703125,37619.82421875,37394.3359375,35692.1015625,33693.2109375,30318.404296875,28322.572265625,27810.912109375,28129.9609375,28260.38671875,28239.919921875,28604.861328125,29141.173828125,29698.03125,27072.619140625
Grenada,GRD,8813.923828125,8923.630859375,8784.025390625,8517.8955078125,8565.279296875,8665.59375,8985.9482421875,9384.236328125,10440.3388671875,11116.314453125,11613.4150390625,11333.736328125,11678.744140625,12738.9052734375,12614.82421875,14246.9931640625,13641.283203125,14442.8798828125,14541.8515625,13537.794921875,13412.79296875,13444.6484375,13206.974609375,13427.5517578125,14317.326171875,15142.0625,15614.2978515625,16217.5,16827.48828125,16867.572265625,14488.5322265625
Guatemala,GTM,5561.07080078125,5611.54248046875,5730.64599609375,5805.70947265625,5891.32763671875,6033.04248046875,6064.02099609375,6181.17236328125,6338.337890625,6428.0478515625,6499.88330078125,6493.6064453125,6589.7373046875,6612.669921875,6676.70458984375,6753.6826171875,6972.3818359375,7269.2060546875,7365.2802734375,7262.5,7335.98876953125,7503.6748046875,7590.75537109375,7734.11767578125,7939.37451171875,8125.65576171875,8206.0478515625,8322.216796875,8462.171875,8653.30859375,8393.2841796875
Guinea,GIN,1507.640625,1503.80126953125,1511.11376953125,1545.648681640625,1565.2667236328125,1594.92919921875,1622.749267578125,1662.6619873046875,1679.69189453125,1701.729736328125,1704.9564208984375,1730.3021240234375,1783.8499755859375,1771.6600341796875,1778.0516357421875,1794.3831787109375,1777.134765625,1856.2611083984373,1889.18798828125,1825.67333984375,1870.800048828125,1932.505859375,2002.3216552734373,2035.318603515625,2061.69482421875,2087.93505859375,2253.477783203125,2417.8037109375,2499.707275390625,2567.033935546875,2670.8232421875
Guinea-Bissau,GNB,1994.6614990234373,2049.614013671875,2025.7939453125,2022.6087646484373,2042.4593505859373,2088.25537109375,2284.369140625,2386.301513671875,1683.250244140625,1667.6314697265625,1722.7574462890625,1723.4530029296875,1669.270263671875,1641.0289306640625,1647.5780029296875,1677.708740234375,1675.7701416015625,1688.813720703125,1700.2855224609375,1713.7635498046875,1747.2374267578125,1839.6927490234373,1760.884033203125,1770.4761962890625,1740.896728515625,1800.0633544921875,1864.2630615234373,1925.23779296875,1901.9317626953125,1939.28955078125,1847.4658203125
Guyana,GUY,4843.0859375,5128.39404296875,5495.84228515625,5901.419921875,6364.82275390625,6663.97314453125,7198.826171875,7672.26025390625,7585.4365234375,7852.7109375,7776.29833984375,7969.6982421875,8064.47802734375,8009.69580078125,8128.4248046875,7965.36767578125,8371.951171875,8972.291015625,9112.259765625,9454.068359375,9788.8486328125,10275.8759765625,10780.9365234375,11117.5224609375,11244.3974609375,11261.779296875,11631.056640625,12005.4052734375,12477.5810546875,13082.181640625,18679.955078125
Haiti,HTI,3541.41015625,3537.29345703125,3284.99755859375,3047.948974609375,2633.701416015625,2841.236083984375,2905.3134765625,2930.60888671875,2941.81494140625,2969.101806640625,2943.72119140625,2884.217041015625,2866.166015625,2917.2900390625,2832.076171875,2872.03369140625,2876.07421875,2963.68994140625,2994.767578125,3122.14501953125,2900.90966796875,3003.223876953125,2973.968994140625,3057.91552734375,3066.850341796875,3102.344970703125,3116.488037109375,3153.29931640625,3165.304931640625,3073.3291015625,2934.245849609375
Honduras,HND,3990.029052734375,3749.173095703125,3866.11572265625,4002.960693359375,3899.714111328125,4024.9921875,3984.56884765625,4049.974609375,4077.55029296875,3935.731201171875,4108.77490234375,4109.76953125,4154.92529296875,4235.623046875,4390.47314453125,4546.24072265625,4733.5478515625,4914.32373046875,5011.607421875,4787.86376953125,4866.97412109375,4956.40283203125,5065.45703125,5113.458984375,5177.4150390625,5283.4169921875,5395.61474609375,5561.99462890625,5680.36279296875,5736.181640625,5138.38525390625
Hong Kong,HKG,28798.458984375,30189.158203125,31803.287109375,33200.20703125,34420.24609375,34546.4140625,34453.8359375,35910.65625,33517.19140625,34030.76953125,36317.12109375,36252.66015625,36690.3984375,37886.46484375,40862.671875,43690.390625,46463.58203125,49043.94921875,49788.8125,48459.96484375,51360.96875,53472.9921875,53785.15234375,55230.859375,56359.30078125,57215.94921875,58096.30078125,59849.25,61062.94921875,59586.203125,56153.97265625
Hungary,HUN,,16432.10546875,15934.8310546875,15861.1064453125,16350.923828125,16617.59375,16659.880859375,17218.173828125,17931.357421875,18534.4609375,19415.0234375,20252.41015625,21273.125,22205.54296875,23367.607421875,24419.828125,25423.42578125,25533.3671875,25835.548828125,24168.984375,24486.041015625,25012.294921875,24825.580078125,25343.712890625,26485.412109375,27531.64453125,28218.279296875,29501.12109375,31121.666015625,32553.6953125,31098.396484375
Iceland,ISL,,,,,,33666.2109375,35014.23046875,36732.9375,39017.4375,40103.8671875,41530.515625,42626.921875,42484.515625,43095.35546875,46051.7421875,48104.65234375,49956.84765625,52827.01171875,52999.4375,48770.94921875,47457.62109375,48186.16796875,48440.25390625,50168.6875,50450.7421875,52142.93359375,54665.765625,55638.4921875,56818.1953125,56935.7734375,52375.6796875
India,IND,1813.1358642578125,1795.3023681640625,1856.1705322265625,1906.412109375,1994.2269287109373,2104.50537109375,2220.893310546875,2268.04296875,2364.40869140625,2527.50830078125,2578.591552734375,2656.6552734375,2711.511962890625,2876.743408203125,3054.9189453125,3245.2998046875,3453.105712890625,3661.95556640625,3720.092529296875,3956.359130859375,4234.9794921875,4399.88818359375,4583.17333984375,4818.5224609375,5116.62890625,5464.39404296875,5851.39501953125,6182.921875,6518.84521484375,6713.93212890625,6165.74658203125
Indonesia,IDN,4532.54052734375,4762.38818359375,4986.78369140625,5224.166015625,5529.232421875,5892.07177734375,6258.4365234375,6458.07275390625,5531.30322265625,5497.81494140625,5689.26025390625,5816.42529296875,5996.18994140625,6198.6533203125,6423.720703125,6699.27197265625,6974.44580078125,7319.4345703125,7657.5947265625,7906.26171875,8286.732421875,8680.212890625,9080.06640625,9457.0185546875,9801.166015625,10149.603515625,10531.111328125,10935.6318359375,11371.7255859375,11811.9755859375,11444.9609375
Iran,IRN,8630.8349609375,9479.9912109375,9568.63671875,9514.3369140625,9239.9814453125,9319.96875,9670.2041015625,9588.880859375,9669.400390625,9634.8994140625,10066.802734375,10026.58203125,10623.6279296875,11407.0615234375,11764.0966796875,11998.21484375,12456.6103515625,13324.908203125,13213.095703125,13199.0185546875,13805.7041015625,14005.3134765625,12807.39453125,12625.087890625,13038.5546875,12698.109375,14205.2119140625,14535.8740234375,13471.8603515625,12389.2236328125,12644.4453125
Iraq,IRQ,7551.79736328125,2643.705322265625,3407.577392578125,4310.35400390625,4342.64306640625,4300.453125,4628.81298828125,5440.03466796875,7112.4287109375,8110.72021484375,9202.4873046875,9089.7060546875,8102.2587890625,4989.5146484375,7458.34033203125,7411.65966796875,7680.13623046875,7695.11474609375,8189.0615234375,8294.154296875,8597.064453125,8949.9365234375,9824.80859375,10170.2197265625,9818.65234375,9946.9765625,10997.38671875,10526.37109375,10556.0244140625,10935.5791015625,9012.3818359375
Ireland,IRL,26437.216796875,26792.876953125,27500.37109375,28100.04296875,29600.51953125,32286.404296875,34393.7265625,37801.16796875,40684.89453125,44461.92578125,47996.98046875,49744.625,51797.42578125,52494.203125,55040.8203125,56943.828125,58189.77734375,59530.88671875,55712.5,52336.62890625,52965.7890625,53298.8125,53045.65234375,53435.640625,57668.75390625,71508.734375,72150.0390625,77749.203125,83726.359375,86650.0078125,90789.21875
Israel,ISR,,,,,,26233.12890625,27096.080078125,27464.7578125,27970.64453125,28240.986328125,29950.318359375,29282.525390625,28642.4453125,28453.25390625,29328.705078125,30014.61328125,31192.181640625,32512.8671875,33045.12109375,32633.41796875,33864.23046875,35086.7265625,35417.29296875,36423.19140625,37204.50390625,37306.1328125,38214.484375,39121.296875,39903.421875,40626.21484375,39056.41796875
Italy,ITA,36585.6796875,37122.8203125,37407.109375,37065.43359375,37855.0078125,38947.203125,39429.49609375,40129.90234375,40844.74609375,41501.7890625,43053.93359375,43869.4296875,43915.38671875,43781.21875,44118.03515625,44260.828125,44918.171875,45356.53515625,44623.6015625,42074.921875,42664.35546875,42892.3046875,41501.7109375,40268.11328125,39898.52734375,40247.828125,40837.73828125,41581.12109375,42045.921875,42708.03515625,39073.4140625
Jamaica,JAM,8592.38671875,8936.3623046875,9030.7138671875,9787.54296875,9826.2109375,9959.2265625,9850.98828125,9643.3515625,9328.115234375,9340.6201171875,9344.5341796875,9399.37109375,9522.5322265625,9811.1953125,9884.2353515625,9918.0478515625,10152.177734375,10246.162109375,10113.1591796875,9625.375,9435.7607421875,9546.494140625,9433.845703125,9427.6787109375,9438.4765625,9473.1064453125,9553.0966796875,9600.1044921875,9734.8623046875,9777.005859375,8761.01953125
Japan,JPN,32945.98046875,33938.33203125,34099.34375,33812.9453125,34053.5234375,34867.58203125,35878.7890625,36144.6171875,35588.625,35405.08203125,36323.09375,36375.5859375,36306.33203125,36784.8828125,37576.390625,38250.63671875,38751.00390625,39280.89453125,38781.19921875,36577.86328125,38069.95703125,38149.6171875,38735.89453125,39569.63671875,39739.54296875,40402.58203125,40754.1015625,41505.08203125,41821.70703125,42022.48828125,40232.2109375
Jordan,JOR,7924.177734375,7634.96923828125,8253.8955078125,8164.6796875,8164.83056640625,8333.8544921875,8248.91796875,8318.4970703125,8403.646484375,8536.919921875,8741.7275390625,9035.14453125,9377.6455078125,9558.4580078125,10105.4609375,10577.291015625,11002.22265625,11399.9658203125,11662.896484375,11650.3642578125,11315.5029296875,11016.3955078125,10688.2890625,10414.9208984375,10284.669921875,10145.8369140625,10036.5439453125,10003.5751953125,10013.3974609375,10071.3798828125,9816.5546875
Kazakhstan,KAZ,13475.6396484375,11917.7138671875,11294.736328125,10292.1982421875,9126.255859375,8552.4521484375,8726.5380859375,9016.0029296875,8998.9013671875,9330.564453125,10275.76171875,11682.841796875,12827.2314453125,13973.078125,15208.4404296875,16536.015625,18112.779296875,19500.478515625,19770.216796875,19614.734375,20751.2578125,21970.083984375,22702.578125,23720.81640625,24355.755859375,24290.41796875,24210.86328125,24862.966796875,25544.345703125,26351.8046875,25363.166015625
Kenya,KEN,3569.496826171875,3503.134033203125,3364.75537109375,3271.974853515625,3256.655517578125,3300.014892578125,3338.146240234375,3259.794677734375,3274.127685546875,3258.242431640625,3188.999755859375,3220.4755859375,3151.437744140625,3157.137939453125,3229.2216796875,3327.55126953125,3446.551025390625,3582.10693359375,3492.433349609375,3510.02978515625,3691.012939453125,3776.91064453125,3845.686767578125,3888.569091796875,3980.58544921875,4075.501953125,4145.640625,4203.5849609375,4339.00048828125,4452.77294921875,4339.85693359375
Kiribati,KIR,2134.12939453125,2096.5390625,2084.521484375,2076.430908203125,2085.86572265625,2057.73779296875,2061.107666015625,2061.90625,2160.20654296875,2090.800537109375,2183.68115234375,2115.50146484375,2158.80859375,2164.146728515625,2089.882080078125,2150.10107421875,2102.98095703125,2097.09423828125,2006.8936767578125,1979.5496826171875,1923.1138916015625,1920.103271484375,1979.9100341796875,2034.136962890625,1992.2449951171875,2168.999267578125,2247.97119140625,2235.707275390625,2286.298828125,2340.389892578125,2259.497802734375
Kosovo,OWID_KOS,,,,,,,,,,,,,,,,,,,7032.4521484375,7327.43896484375,7627.8916015625,8040.59375,8105.375,8486.5654296875,8796.6298828125,9445.10546875,10031.0439453125,10436.1689453125,10755.16796875,11318.4619140625,10706.513671875
Kuwait,KWT,,,,,,63724.70703125,63284.6953125,61687.58984375,59725.796875,55034.9921875,54984.953125,53578.8203125,54322.97265625,63008.62890625,68233.8671875,73155.7109375,75224.796875,75580.9375,73022.96875,63886.25,58810.40625,60887.68359375,61416.9765625,58995.37109375,56647.4375,54834.390625,54708.98046875,50855.5546875,50478.5859375,49853.73828125,44847.0546875
Kyrgyzstan,KGZ,5158.3173828125,4671.52294921875,3978.909912109375,3362.8291015625,2688.351806640625,2517.284423828125,2656.017822265625,2877.0986328125,2893.41748046875,2954.9541015625,3078.9091796875,3212.133544921875,3182.23291015625,3370.43017578125,3563.875244140625,3517.720458984375,3588.08984375,3857.65380859375,4142.21142578125,4210.62646484375,4141.0771484375,4334.66064453125,4259.318359375,4631.4033203125,4722.0859375,4805.14111328125,4912.38232421875,5046.69140625,5133.15185546875,5258.36669921875,4714.93896484375
Laos,LAO,1964.572998046875,1992.478759765625,2046.655517578125,2111.54931640625,2227.943115234375,2330.15771484375,2438.904052734375,2555.3515625,2608.043701171875,2750.092529296875,2861.271728515625,2977.796875,3106.008544921875,3245.18505859375,3399.349853515625,3584.3203125,3830.3955078125,4052.83837890625,4296.48388671875,4542.18115234375,4850.17529296875,5158.83544921875,5489.0400390625,5841.8818359375,6193.34033203125,6543.6708984375,6896.12744140625,7257.81201171875,7592.82958984375,7886.65283203125,7810.73486328125
Latvia,LVA,,,,,,9600.849609375,9960.8896484375,10949.724609375,11753.7998046875,12176.46484375,12992.2041015625,13993.953125,15160.841796875,16597.388671875,18169.18359375,20334.599609375,22977.478515625,25469.15625,24903.59375,21710.767578125,21176.279296875,22118.41015625,23970.435546875,24715.720703125,25423.64453125,26628.458984375,27509.173828125,28673.5625,30050.716796875,31012.134765625,30100.26953125
Lebanon,LBN,7552.953125,10829.228515625,11976.337890625,12570.9638671875,12962.0390625,13309.044921875,14473.5625,14435.302734375,14822.296875,14530.9716796875,14361.861328125,14359.431640625,14172.0048828125,13942.0400390625,14284.1396484375,14263.8916015625,14299.2802734375,15605.7578125,17030.359375,18584.61328125,19499.4140625,18727.24609375,18039.251953125,17537.83984375,16969.37109375,16358.3759765625,16167.7333984375,16043.060546875,15677.9384765625,14563.6826171875,11488.4150390625
Lesotho,LSO,1336.63330078125,1397.9346923828125,1461.8333740234375,1479.96435546875,1535.528076171875,1554.92236328125,1611.65087890625,1642.669921875,1643.3211669921875,1632.988525390625,1685.3670654296875,1742.8780517578125,1760.6014404296875,1851.3487548828125,1894.3203125,1969.6397705078125,2059.335205078125,2148.825439453125,2267.25146484375,2235.4052734375,2346.71337890625,2444.927978515625,2585.36572265625,2614.14306640625,2639.44580078125,2701.421875,2776.740966796875,2668.29150390625,2614.658935546875,2583.92431640625,2316.98779296875
Liberia,LBR,,,,,,,,,,,1753.47509765625,1740.238525390625,1763.4578857421875,1210.912353515625,1219.4140625,1250.9178466796875,1306.4390869140625,1376.158935546875,1414.845947265625,1431.794189453125,1465.559326171875,1535.9771728515625,1611.345458984375,1704.878662109375,1673.055908203125,1630.5843505859375,1565.1373291015625,1564.1976318359375,1543.9691162109375,1469.763916015625,1392.0048828125
Libya,LBY,,,,,,,,,,16402.9609375,16746.2734375,16193.0869140625,15783.0986328125,17553.552734375,18048.943359375,19883.482421875,20858.537109375,21857.1328125,22129.193359375,21685.0234375,22539.892578125,8479.9482421875,18806.783203125,16160.1103515625,12201.205078125,11022.4296875,10592.4306640625,13238.0009765625,15017.9931640625,15174.162109375,10282.291015625
Lithuania,LTU,,,,,,10640.3603515625,11274.6396484375,12302.1015625,13317.908203125,13259.6171875,13846.68359375,14872.37890625,16004.4384765625,17839.783203125,19226.46875,21053.185546875,22977.99609375,25835.3671875,26784.880859375,23065.0625,23942.759765625,25968.583984375,27330.896484375,28589.02734375,29855.83203125,30748.197265625,31925.802734375,33761.87109375,35446.70703125,37166.2109375,37107.05859375
Luxembourg,LUX,70860.8203125,75961.671875,76323.3046875,78468.921875,80365.2265625,80379.125,80401.03125,83702.8125,88185.796875,94115.3828125,99301.5234375,101143.1484375,103317.328125,104743.0,107634.8359375,108632.359375,113346.0390625,120647.8203125,118154.6640625,112230.078125,114343.984375,112998.390625,112137.1328125,113050.6640625,113313.578125,113182.7265625,116283.703125,114985.84375,115049.9296875,116518.2734375,112557.3125
Macao,MAC,48773.04296875,49155.6796875,54358.10546875,55959.171875,57163.68359375,57866.69921875,56472.9609375,55196.015625,51609.8828125,49336.71875,51027.55859375,51283.8125,54498.78125,59342.9296875,73322.9296875,77395.6796875,85814.7109375,96154.3515625,97345.21875,96493.796875,118085.5703125,140321.90625,149702.4375,161971.46875,155201.734375,119406.921875,116519.5078125,126144.1015625,132373.546875,127272.546875,57728.98828125
Madagascar,MDG,1853.0496826171875,1686.1572265625,1656.344482421875,1641.2109375,1591.4200439453125,1569.0374755859375,1553.5751953125,1560.97412109375,1571.62939453125,1594.4765625,1614.382568359375,1658.9359130859375,1409.3956298828125,1501.2745361328125,1533.6993408203125,1559.875,1596.75341796875,1639.883056640625,1700.696044921875,1587.567138671875,1553.405029296875,1534.93994140625,1538.5167236328125,1531.778564453125,1540.7449951171875,1546.7672119140625,1565.86767578125,1584.424560546875,1591.966552734375,1618.617919921875,1463.864990234375
Malawi,MWI,952.674560546875,1014.7124633789062,931.9926147460938,1019.7550659179688,912.0092163085938,1053.901611328125,1110.8848876953125,1125.817626953125,1137.8099365234375,1139.8070068359375,1127.19580078125,1044.5792236328125,1036.7926025390625,1069.781005859375,1100.1143798828125,1106.91064453125,1127.8717041015625,1202.040771484375,1257.48388671875,1323.6160888671875,1374.5712890625,1400.5936279296875,1386.7900390625,1418.0743408203125,1457.4730224609375,1457.503662109375,1453.77734375,1472.1468505859375,1496.732177734375,1537.1412353515625,1508.8428955078125
Malaysia,MYS,10306.08203125,10991.068359375,11663.626953125,12500.50390625,13315.421875,14260.095703125,15290.9140625,15995.7197265625,14448.7412109375,14965.6181640625,15917.0576171875,15652.0146484375,16155.6015625,16751.40625,17538.486328125,18114.14453125,18752.544921875,19546.986328125,20103.50390625,19442.984375,20536.373046875,21289.2578125,22132.216796875,22855.94921875,23906.228515625,24787.82421875,25541.771484375,26661.5078125,27577.373046875,28421.462890625,26471.673828125
Maldives,MDV,,,,,,10597.5869140625,11208.4013671875,11935.1748046875,12609.40234375,13139.611328125,13358.0654296875,12521.4580078125,13071.97265625,14452.0048828125,14901.400390625,12607.2314453125,15516.361328125,16330.162109375,17448.302734375,15731.5556640625,16305.162109375,17015.150390625,16708.4765625,17133.099609375,17567.724609375,17283.97265625,17583.587890625,18057.91015625,18793.845703125,19510.4921875,12744.4296875
Mali,MLI,1414.886474609375,1547.0841064453125,1460.9481201171875,1468.00732421875,1483.0679931640625,1457.572021484375,1520.4569091796875,1553.3338623046875,1628.0142822265625,1675.17041015625,1627.7322998046875,1823.8406982421875,1824.6011962890625,1930.2073974609373,1899.08203125,1958.8187255859373,1983.70556640625,1985.6234130859373,2012.28125,2041.3302001953125,2082.9619140625,2085.4208984375,2007.806884765625,1995.1593017578125,2075.400634765625,2139.736328125,2198.560302734375,2246.79736328125,2283.702392578125,2321.7021484375,2225.894287109375
Malta,MLT,16106.9287109375,16659.5625,17262.046875,17856.28125,18689.740234375,19737.060546875,20348.5625,21256.80078125,22201.57421875,23112.0546875,27482.888671875,26956.810546875,27442.970703125,28373.77734375,28223.3828125,28992.9453125,29612.623046875,30918.51953125,31893.380859375,31294.923828125,32867.9609375,32881.85546875,33929.36328125,35287.48828125,37230.3046875,39845.140625,40536.74609375,42644.08203125,43313.5078125,43950.6171875,39979.69921875
Marshall Islands,MHL,3302.1083984375,3227.3046875,3398.84765625,3560.61767578125,3740.92138671875,4028.91650390625,3608.8837890625,3380.95166015625,3359.707763671875,3313.458984375,3336.09326171875,3518.2744140625,3583.20849609375,3452.975830078125,3421.063720703125,3452.08544921875,3408.636474609375,3501.107177734375,3277.735107421875,3376.7646484375,3595.1748046875,3562.857177734375,3469.542236328125,3594.938720703125,3545.207275390625,3586.056396484375,3615.590087890625,3711.89599609375,3820.958251953125,4048.579345703125,3932.247802734375
Mauritania,MRT,4547.73681640625,4510.29248046875,4477.45263671875,4619.92626953125,4365.38037109375,4673.642578125,4822.0634765625,4511.67724609375,4520.62353515625,4567.07861328125,4273.63525390625,4126.220703125,4069.247802734375,4230.78564453125,4307.255859375,4544.869140625,5226.50634765625,4978.62060546875,4821.0439453125,4687.576171875,4671.642578125,4725.333984375,4792.8388671875,4846.71240234375,4908.10791015625,5024.46728515625,4944.56884765625,5108.54931640625,5193.3935546875,5343.998046875,5109.80517578125
Mauritius,MUS,7989.52978515625,8254.31640625,8676.9736328125,9010.484375,9252.7158203125,9566.8251953125,9998.6171875,10435.798828125,10953.6767578125,11097.6904296875,11890.5888671875,12191.927734375,12303.1064453125,12938.15234375,13413.9931640625,13571.8359375,14165.9541015625,14909.1708984375,15655.6044921875,16131.70703125,16797.81640625,17454.779296875,18014.990234375,18579.375,19240.224609375,19897.474609375,20646.93359375,21415.115234375,22208.138671875,22869.755859375,19462.931640625
Mexico,MEX,14949.0302734375,15293.1591796875,15550.560546875,15575.1181640625,16067.146484375,14808.806640625,15559.9765625,16368.0927734375,16954.330078125,17165.892578125,17756.56640625,17438.208984375,17193.560546875,17205.986328125,17635.24609375,17788.58984375,18319.478515625,18462.83984375,18396.810546875,17168.9765625,17790.01171875,18186.224609375,18594.89453125,18600.37109375,18887.568359375,19268.9140625,19539.26171875,19721.26171875,19928.396484375,19677.275390625,17852.359375
Micronesia (country),FSM,2995.5048828125,3137.361328125,3179.200927734375,3354.789306640625,3269.855712890625,3450.24560546875,3316.51318359375,3110.848388671875,3207.41845703125,3264.687255859375,3434.09814453125,3516.229248046875,3540.1865234375,3600.047119140625,3498.25732421875,3586.1337890625,3609.104736328125,3574.44970703125,3518.44287109375,3576.86865234375,3659.638671875,3756.90869140625,3649.44970703125,3468.16650390625,3340.202880859375,3448.3037109375,3437.389892578125,3490.13037109375,3460.908935546875,3465.540283203125,3368.5458984375
Moldova,MDA,,,,,,5696.158203125,5372.138671875,5480.8544921875,5124.35498046875,4959.53515625,5074.376953125,5395.96728515625,5830.33935546875,6232.6669921875,6710.46923828125,7231.32861328125,7599.52490234375,7845.66943359375,8473.748046875,7975.38427734375,8550.1708984375,9052.8662109375,9000.6591796875,9817.2958984375,10314.4091796875,10360.830078125,10942.55078125,11651.3173828125,12363.146484375,13026.515625,12324.388671875
Mongolia,MNG,4977.78125,4475.814453125,4015.208984375,3854.130859375,3906.56689453125,4123.94384765625,4182.35009765625,4309.6552734375,4415.92919921875,4512.130859375,4523.50634765625,4614.3876953125,4785.97216796875,5068.306640625,5544.78076171875,5876.28076171875,6298.23583984375,6850.078125,7351.82763671875,7144.830078125,7470.78076171875,8602.94921875,9476.92578125,10371.2890625,10967.111328125,11009.71484375,10961.9677734375,11366.3037109375,12028.6357421875,12486.0771484375,11723.873046875
Montenegro,MNE,,,,,,,,12579.2666015625,13235.9990234375,12024.68359375,12418.9873046875,12505.1591796875,12692.2822265625,12955.5732421875,13505.0390625,14048.8330078125,15233.3681640625,16248.3271484375,17391.01171875,16348.076171875,16764.33984375,17287.400390625,16802.3828125,17381.72265625,17674.603515625,18263.58984375,18797.8828125,19682.265625,20686.560546875,21533.931640625,18258.94921875
Morocco,MAR,3816.78662109375,4018.332275390625,3864.53466796875,3770.312744140625,4101.57568359375,3820.32958984375,4231.2626953125,4108.7763671875,4349.37939453125,4341.59423828125,4370.5625,4633.94140625,4721.6923828125,4944.1201171875,5120.54833984375,5227.279296875,5557.74755859375,5686.9189453125,5952.333984375,6128.78125,6281.12353515625,6522.02001953125,6625.10400390625,6827.8525390625,6911.80322265625,7126.2841796875,7105.85595703125,7312.056640625,7446.93603515625,7546.7548828125,6986.28369140625
Mozambique,MOZ,471.3251037597656,481.8968505859375,436.7203674316406,464.0183715820313,475.2497253417969,469.18951416015625,506.1518249511719,548.3477783203125,587.8637084960938,640.2525024414062,630.7015991210938,687.1494140625,729.2899780273438,756.5942993164062,792.727294921875,821.3458251953125,875.9166259765625,917.7952270507812,958.283447265625,991.3228149414062,1027.2088623046875,1073.4781494140625,1120.1285400390625,1165.408203125,1217.0888671875,1262.6131591796875,1273.78369140625,1283.659912109375,1289.7359619140625,1281.780029296875,1229.9403076171875
Myanmar,MMR,564.2271118164062,562.6480712890625,580.8097534179688,618.7935791015625,653.231201171875,692.0208740234375,729.1507568359375,763.2799682617188,796.9230346679688,853.8190307617188,948.7820434570312,1055.6533203125,1167.4044189453125,1306.7691650390625,1473.02099609375,1659.6923828125,1867.1524658203125,2086.9912109375,2303.802978515625,2527.390625,2762.613525390625,2947.657470703125,3113.005126953125,3330.46923828125,3574.031494140625,3663.142333984375,4020.242919921875,4224.544921875,4467.8583984375,4739.71044921875,4857.3896484375
Namibia,NAM,5945.970703125,6242.0009765625,6511.8984375,6251.82470703125,6213.23095703125,6312.56494140625,6374.94970703125,6508.39794921875,6592.16064453125,6689.771484375,6804.86669921875,6775.2216796875,6992.865234375,7182.30712890625,7942.55712890625,8014.9736328125,8438.216796875,8735.7138671875,8805.4111328125,8671.6640625,9031.16015625,9324.529296875,9626.5390625,9990.74609375,10413.314453125,10662.830078125,10471.279296875,10171.421875,10087.45703125,9812.6083984375,8814.591796875
Nauru,NRU,,,,,,,,,,,,,,,5575.51220703125,5438.3994140625,5960.96044921875,4589.58154296875,5590.1845703125,6058.5244140625,6688.64990234375,7313.67236328125,8090.93359375,10493.212890625,13175.921875,13551.962890625,13901.953125,12975.392578125,13636.361328125,13527.412109375,13594.4921875
Nepal,NPL,1616.6494140625,1675.290771484375,1697.4774169921875,1715.3671875,1807.697265625,1824.0028076171875,1876.4642333984373,1928.0467529296875,1945.4510498046875,1992.2337646484373,2077.652099609375,2141.067138671875,2110.823486328125,2163.018310546875,2234.15478515625,2282.68505859375,2330.3251953125,2380.970947265625,2499.41552734375,2591.63134765625,2703.414794921875,2793.024658203125,2922.61962890625,3033.78076171875,3217.448486328125,3331.871826171875,3315.814453125,3565.19775390625,3773.7158203125,3952.76025390625,3800.065673828125
Netherlands,NLD,36461.41796875,37057.58203125,37405.9296875,37613.25390625,38494.21875,39498.13671875,40691.890625,42235.48828125,43933.56640625,45839.1328125,47422.203125,48160.78515625,47958.33203125,47806.8828125,48586.703125,49467.43359375,51097.36328125,52909.96875,53848.25390625,51607.60546875,52032.98828125,52594.23046875,51860.0546875,51640.078125,52186.99609375,52974.1171875,53847.828125,55088.6328125,56060.9140625,56784.0390625,54324.3828125
New Zealand,NZL,28086.82421875,26466.673828125,26479.041015625,27852.03515625,28891.044921875,29815.787109375,30409.08984375,30627.8046875,30599.322265625,32098.146484375,32837.09765625,33775.234375,34745.1640625,35616.11328125,36504.19921875,37293.21484375,37902.75,38687.84765625,37933.15234375,37505.046875,37657.14453125,38214.47265625,38857.1171875,39599.1875,40432.2421875,41086.1171875,41672.1015625,42285.3203125,42866.12890625,42877.94140625,42774.69140625
Nicaragua,NIC,3454.211669921875,3371.6240234375,3309.470703125,3224.0869140625,3261.166259765625,3384.78662109375,3531.669921875,3606.283935546875,3676.933837890625,3872.243896484375,3968.82861328125,4025.9365234375,3998.812744140625,4043.2236328125,4200.21484375,4320.68017578125,4438.861328125,4600.537109375,4693.59130859375,4477.3388671875,4611.78515625,4837.49951171875,5083.2890625,5263.40966796875,5443.23583984375,5630.2958984375,5811.80517578125,6004.01416015625,5729.67529296875,5451.66552734375,5280.099609375
Niger,NER,1124.1156005859375,1083.7791748046875,1069.585205078125,1037.4783935546875,1021.2197265625,1010.8157348632812,977.202392578125,957.8568115234376,1016.6693115234376,978.7781982421876,932.6770629882812,964.7249145507812,975.7542114257812,960.8341674804688,929.2172241210938,960.850341796875,980.45458984375,973.9832153320312,1010.3779907226562,991.6984252929688,1036.1607666015625,1020.2646484375,1084.764404296875,1098.643798828125,1126.805419921875,1131.5191650390625,1151.17626953125,1163.2261962890625,1200.40234375,1224.3751220703125,1221.2698974609375
Nigeria,NGA,3259.642822265625,3189.089111328125,3253.6943359375,3108.6748046875,2977.090087890625,2901.768310546875,2949.200439453125,2961.198486328125,2962.89208984375,2906.723876953125,2977.04150390625,3075.003173828125,3458.070556640625,3619.14013671875,3854.008056640625,3997.439697265625,4130.4033203125,4288.2705078125,4458.6220703125,4690.37939453125,4932.3349609375,5056.89208984375,5131.37255859375,5329.12158203125,5516.3857421875,5514.7705078125,5284.89306640625,5190.35595703125,5155.076171875,5135.49951171875,4916.72119140625
North Macedonia,MKD,11378.1474609375,10691.6357421875,10013.0419921875,9286.7861328125,9134.1484375,9025.2861328125,9103.8681640625,9200.609375,9460.99609375,9824.4375,10224.6904296875,9869.5166015625,10089.9482421875,10280.5390625,10730.5068359375,11213.6416015625,11770.197265625,12511.712890625,13174.8271484375,13103.4267578125,13514.9814453125,13807.4658203125,13727.7724609375,14108.8916015625,14596.6005859375,15139.251953125,15553.439453125,15706.4443359375,16145.5361328125,16773.041015625,15931.3623046875
Norway,NOR,42136.6015625,43229.91796875,44517.4375,45512.390625,47541.765625,49260.96875,51476.19921875,53903.4375,54989.703125,55713.7578125,57127.3828125,58018.3125,58540.84375,58728.15625,60699.56640625,61870.36328125,62846.9375,64062.4375,63570.33984375,61689.55859375,61353.4765625,61157.12890625,61990.69140625,61878.9765625,62390.12890625,62987.515625,63104.08203125,64050.7578125,64341.2578125,64385.0078125,63548.0
Oman,OMN,30333.875,30789.8828125,31873.9453125,32351.021484375,32411.255859375,33168.52734375,33683.9375,35508.1796875,36412.4375,36483.90625,38649.87890625,39907.62890625,38793.80078125,36946.71875,36515.75390625,36445.5078125,37369.12890625,37910.625,39620.7734375,40212.00390625,38678.96484375,37231.91796875,37670.65234375,36831.07421875,34875.78125,34564.921875,34591.71484375,33308.484375,32594.689453125,31284.015625,29502.060546875
Pakistan,PAK,2915.900146484375,2976.91259765625,3118.13916015625,3086.8935546875,3115.10302734375,3179.507080078125,3240.0888671875,3180.35107421875,3169.89013671875,3196.279541015625,3245.37841796875,3277.05126953125,3279.031005859375,3388.1767578125,3560.811767578125,3706.823974609375,3836.49267578125,3931.17578125,3908.59912109375,3930.508056640625,3906.8740234375,3928.52001953125,3980.74853515625,4069.267578125,4171.2919921875,4278.3466796875,4421.58203125,4571.205078125,4739.47265625,4697.7265625,4562.62255859375
Palau,PLW,,,,,,,,,,,13735.748046875,14404.69921875,14728.876953125,14125.9599609375,14775.375,15420.244140625,15545.48828125,16179.2138671875,15611.2314453125,14915.6455078125,15227.615234375,16433.939453125,16815.880859375,16275.806640625,17278.5859375,18539.15625,18468.291015625,17770.5625,17650.416015625,17229.1484375,15473.251953125
Palestine,PSE,,,,,3951.20556640625,4047.12841796875,3916.92578125,4294.74609375,4786.48046875,5052.06396484375,4503.2490234375,3980.933349609375,3395.85498046875,3774.13232421875,4485.525390625,4866.0283203125,4695.99462890625,4750.9296875,4965.373046875,5250.1162109375,5411.06640625,5782.689453125,5985.68310546875,6118.25732421875,5967.0732421875,6048.9765625,6438.93359375,6401.74072265625,6318.2099609375,6245.44873046875,5394.07177734375
Panama,PAN,10726.001953125,11493.6201171875,12181.2158203125,12583.779296875,12679.484375,12639.9931640625,12889.26953125,13445.017578125,14142.6259765625,14405.384765625,14507.794921875,14311.021484375,14353.369140625,14677.9951171875,15491.0009765625,16301.5146484375,17391.087890625,19125.626953125,20636.92578125,20525.619140625,21343.333984375,23349.166015625,25196.314453125,26480.5625,27352.51953125,28430.984375,29332.376953125,30446.849609375,31039.072265625,31440.263671875,25389.8125
Papua New Guinea,PNG,2434.7001953125,2605.222900390625,2898.147216796875,3347.57177734375,3464.848388671875,3271.67138671875,3440.330078125,3225.656982421875,3028.928955078125,3012.594482421875,2871.416259765625,2806.95361328125,2745.514404296875,2748.701171875,2765.3466796875,2877.11572265625,2963.418212890625,3119.175537109375,3035.170654296875,3165.09326171875,3406.64404296875,3369.844482421875,3453.38720703125,3513.023193359375,3909.338623046875,4083.75244140625,4222.52490234375,4285.62890625,4190.0947265625,4293.12939453125,4063.732177734375
Paraguay,PRY,8475.736328125,8547.3388671875,8475.9189453125,8678.5791015625,8923.4951171875,9311.3388671875,9243.474609375,9422.68359375,9226.5068359375,8911.1650390625,8530.2080078125,8295.0673828125,8138.10498046875,8337.4716796875,8528.0380859375,8570.0947265625,8846.7021484375,9193.83984375,9657.681640625,9503.2666015625,10415.65625,10714.69140625,10493.8125,11209.1318359375,11643.7275390625,11828.1396484375,12170.7841796875,12590.548828125,12827.7080078125,12615.5283203125,12389.5869140625
Peru,PER,5249.2001953125,5258.26025390625,5128.63427734375,5295.79833984375,5837.08984375,6154.16748046875,6210.22265625,6492.54931640625,6354.43310546875,6345.50048828125,6422.48046875,6380.337890625,6653.39501953125,6861.83056640625,7136.3515625,7519.029296875,8017.2548828125,8629.2646484375,9341.2314453125,9368.0458984375,10066.4677734375,10616.84375,11176.0869140625,11724.00390625,11877.0791015625,12110.2666015625,12403.6875,12506.529296875,12781.416015625,12853.6923828125,11260.845703125
Philippines,PHL,4209.48291015625,4088.102294921875,4006.3447265625,3997.012939453125,4074.7275390625,4165.2490234375,4309.4501953125,4431.83740234375,4312.15234375,4359.888671875,4453.7568359375,4492.72119140625,4562.76123046875,4697.48583984375,4908.05859375,5054.23876953125,5228.31591796875,5474.68115234375,5618.48486328125,5606.5908203125,5918.373046875,6043.6015625,6351.26513671875,6666.25048828125,6973.638671875,7300.13623046875,7705.0537109375,8120.86865234375,8516.13671875,8914.7236328125,7953.58154296875
Poland,POL,11314.9619140625,10483.9013671875,10714.6591796875,11086.9599609375,11649.1630859375,12459.666015625,13211.568359375,14054.3876953125,14701.3427734375,15386.9423828125,16257.6455078125,16466.787109375,16809.818359375,17409.638671875,18287.828125,18937.4765625,20111.298828125,21543.1640625,22444.908203125,23064.953125,23996.140625,25124.275390625,25457.20703125,25759.33984375,26649.578125,27797.05859375,28682.693359375,30064.50390625,31674.130859375,33185.15625,32398.705078125
Portugal,PRT,23556.85546875,24642.599609375,24930.451171875,24391.19921875,24560.357421875,25523.705078125,26318.974609375,27354.8359375,28525.517578125,29472.708984375,30383.138671875,30756.01953125,30823.849609375,30422.6015625,30892.8203125,31076.64453125,31524.75,32251.568359375,32307.912109375,31269.41015625,31798.154296875,31304.81640625,30156.701171875,30042.890625,30444.599609375,31118.791015625,31847.537109375,33044.71484375,34040.7265625,34945.66015625,31961.775390625
Puerto Rico,PRI,21595.984375,21937.8984375,22791.5703125,23650.115234375,24412.28125,25288.11328125,25584.56640625,26584.90625,27894.44921875,29251.044921875,30124.701171875,31958.10546875,32209.431640625,32206.47265625,35016.9453125,34370.72265625,34030.09765625,33831.94140625,33403.43359375,32930.37109375,32960.69921875,33224.57421875,33638.875,33922.16796875,34070.26171875,34311.0390625,34539.59375,34363.75390625,34299.3671875,34804.9453125,32551.068359375
Qatar,QAT,,,,,,,,,,,86566.3046875,86643.640625,89119.3828125,86886.9453125,93748.546875,87721.953125,93656.3359375,92749.5546875,92555.296875,89954.84375,95908.3125,99147.2890625,96261.484375,95499.90625,95578.2578125,95965.25,95601.8046875,91738.75,90970.0625,89966.453125,85290.453125
Romania,ROU,13302.462890625,11685.0908203125,10757.3837890625,10936.7216796875,11383.2841796875,12117.353515625,12627.1943359375,12049.5341796875,11829.41015625,11803.3681640625,12109.5439453125,12920.48046875,13909.65625,14338.3466796875,15924.041015625,16770.642578125,18224.771484375,19833.955078125,22044.291015625,21002.26171875,20303.1484375,20792.16015625,21311.119140625,22197.0234375,23084.359375,23878.171875,25144.99609375,27141.900390625,28523.453125,29875.0625,28870.9296875
Russia,RUS,21482.748046875,20340.1328125,17367.640625,15870.60546875,13880.46484375,13308.205078125,12827.1162109375,13028.2080078125,12358.15234375,13189.7939453125,14569.9365234375,15378.08984375,16175.09765625,17434.80859375,18765.51953125,20042.814453125,21757.46484375,23647.265625,24887.853515625,22939.693359375,23961.220703125,24972.078125,25933.29296875,26332.396484375,26057.15625,25488.095703125,25490.708984375,25926.443359375,26656.41015625,27210.546875,26456.388671875
Rwanda,RWA,936.6343383789062,939.50146484375,1051.322021484375,1033.7015380859375,542.6598510742188,746.3497314453125,816.7606201171875,870.9596557617188,874.1889038085938,846.7526245117188,867.6151733398438,907.2139282226562,1003.0211181640624,1009.5260009765624,1069.2978515625,1148.4464111328125,1226.2391357421875,1287.0484619140625,1393.0299072265625,1441.000244140625,1507.1650390625,1586.961181640625,1682.20654296875,1718.935791015625,1780.14501953125,1889.1580810546875,1950.5262451171875,1975.2486572265625,2088.749267578125,2227.51708984375,2098.71044921875
Saint Kitts and Nevis,KNA,14210.259765625,13903.49609375,14386.5888671875,15197.0927734375,15819.3857421875,16489.109375,17290.228515625,18304.18359375,18060.013671875,18471.87109375,20114.39453125,20924.7421875,20945.138671875,19865.75,20403.654296875,22136.708984375,22601.927734375,22530.14453125,23706.375,22549.716796875,22223.9140625,22432.98828125,21740.146484375,22707.08203125,23921.240234375,23966.498046875,26953.0625,26982.9296875,27499.02734375,28602.9765625,24319.36328125
Saint Lucia,LCA,11732.9833984375,11610.3330078125,12378.3642578125,12307.818359375,12359.9375,12422.6611328125,12616.8369140625,12356.330078125,12952.6181640625,13129.927734375,12989.7421875,12432.2685546875,12389.4287109375,12826.21484375,13648.5849609375,13460.5751953125,14124.21484375,14169.0,14663.236328125,14065.423828125,14137.58984375,14789.966796875,14667.1611328125,14133.484375,14317.3564453125,14057.607421875,14497.595703125,14928.396484375,15286.279296875,15200.8720703125,12048.927734375
Saint Vincent and the Grenadines,VCT,6547.35205078125,6408.39208984375,6671.5029296875,7119.02978515625,7025.18896484375,7571.93212890625,7673.71337890625,7949.16650390625,8281.0576171875,8508.97265625,8646.51171875,8785.7265625,9323.634765625,10019.5380859375,10416.9423828125,10666.6181640625,11488.248046875,11881.6875,12082.755859375,11840.9189453125,11447.6171875,11393.62109375,11537.9580078125,11729.564453125,11845.0078125,11973.353515625,12163.67578125,12245.1259765625,12466.0009765625,12489.1708984375,12044.365234375
Samoa,WSM,4058.006591796875,3935.58984375,3892.35546875,4012.4931640625,3874.050048828125,4099.51513671875,4365.19580078125,4370.30322265625,4446.22607421875,4523.322265625,4812.7734375,5119.1845703125,5310.79833984375,5517.11181640625,5736.208984375,5937.234375,6015.56787109375,6354.76953125,6375.990234375,6027.220703125,6010.083984375,6205.81982421875,5901.34765625,5831.095703125,5788.3681640625,5996.84228515625,6449.82958984375,6489.77685546875,6384.58251953125,6631.5869140625,6416.7783203125
San Marino,SMR,,,,,,,,63990.01171875,68029.6796875,73393.2578125,74121.5859375,77249.234375,76507.4765625,78396.546875,80883.703125,81766.0078125,83839.8515625,88683.3125,87177.8984375,77188.625,72038.1171875,65142.765625,59708.7265625,58419.9140625,57328.078125,58061.85546875,59009.796875,58867.01171875,59576.4296875,60847.10546875,
Sao Tome and Principe,STP,,,,,,,,,,,,2589.163818359375,2602.34716796875,2718.922607421875,2761.94921875,2887.70068359375,3069.00048828125,3080.798828125,3239.020263671875,3227.913330078125,3357.47021484375,3426.32470703125,3461.327392578125,3558.4365234375,3720.786865234375,3794.358642578125,3878.829833984375,3952.9453125,3993.27880859375,4005.341552734375,4051.604736328125
Saudi Arabia,SAU,41392.53125,46075.12890625,46498.55859375,44623.51171875,43761.31640625,42855.78515625,43073.12890625,42710.91015625,43111.08203125,40643.8359375,41955.20703125,40393.97265625,38170.22265625,41229.8125,43210.25,44309.53515625,44276.89453125,43865.921875,45340.1171875,43169.54296875,44036.765625,46989.1484375,48024.4609375,47848.375,48209.13671875,48921.21484375,48625.84375,47306.22265625,47592.765625,46962.1484375,44328.18359375
Senegal,SEN,2472.784423828125,2463.537841796875,2422.778564453125,2385.08935546875,2317.935791015625,2380.247314453125,2367.648193359375,2381.5068359375,2463.4609375,2557.792724609375,2595.109375,2642.68603515625,2580.83203125,2658.561767578125,2712.87744140625,2758.353515625,2750.195556640625,2754.192138671875,2780.615234375,2780.613037109375,2797.110107421875,2757.079345703125,2788.67138671875,2777.11181640625,2868.31591796875,2966.455322265625,3067.66552734375,3203.90625,3309.486083984375,3361.46142578125,3320.675537109375
Serbia,SRB,,,,,,7752.19140625,8245.9736328125,8865.0712890625,9196.0537109375,8359.607421875,8900.59765625,9529.220703125,10146.5693359375,10614.3330078125,11599.6494140625,12277.9814453125,12955.958984375,13846.2880859375,14691.7861328125,14347.8623046875,14510.9697265625,14923.8076171875,14894.2021484375,15399.7890625,15226.326171875,15578.208984375,16182.828125,16611.0234375,17452.802734375,18306.78515625,18255.0546875
Seychelles,SYC,14632.328125,14837.2939453125,15827.0615234375,16461.19921875,15900.162109375,15538.75,16065.4228515625,17777.26171875,18897.93359375,18877.251953125,18992.818359375,18545.23046875,18204.9609375,17328.177734375,16896.705078125,18333.24609375,19644.685546875,21581.486328125,20651.134765625,20342.87890625,20960.748046875,23216.306640625,23279.533203125,24228.87890625,24929.552734375,25583.552734375,26395.388671875,27309.76171875,27529.498046875,27611.119140625,24427.712890625
Sierra Leone,SLE,1453.143798828125,1477.4368896484375,1196.7906494140625,1218.4993896484375,1200.089111328125,1105.5797119140625,1122.6983642578125,1051.19921875,1058.6839599609375,1018.91845703125,1057.7396240234375,955.3021240234376,1156.1820068359375,1206.6798095703125,1231.1605224609375,1238.3946533203125,1250.0484619140625,1314.6055908203125,1353.0518798828125,1365.2188720703125,1406.1754150390625,1461.355224609375,1645.7650146484375,1942.8800048828125,1987.06884765625,1543.7120361328125,1602.133056640625,1633.730712890625,1654.599853515625,1705.19140625,1637.296630859375
Singapore,SGP,37412.328125,38794.89453125,40146.35546875,43630.3984375,46975.5625,48851.4453125,50410.28125,52801.5,49917.375,52354.58203125,56106.73046875,54029.734375,55634.71875,59022.1015625,64011.42578125,67125.5625,70915.9921875,74159.390625,71629.828125,69585.84375,78294.03125,81538.3671875,83112.0078125,85732.8046875,87959.4140625,89519.734375,91307.5,95350.4375,98222.84375,98411.5859375,93397.046875
Sint Maarten (Dutch part),SXM,,,,,,,,,,,,,,,,,,,,41969.40234375,43543.890625,46392.8671875,45401.703125,43523.53515625,42946.68359375,41852.40234375,40857.76953125,37914.12109375,35133.83203125,,
Slovakia,SVK,,,11695.34765625,11872.3095703125,12559.4599609375,13254.5283203125,14102.08203125,14910.1943359375,15497.1494140625,15464.9443359375,15666.5419921875,16205.9296875,16942.884765625,17886.357421875,18834.390625,20079.91015625,21784.330078125,24136.97265625,25460.73828125,24039.662109375,25528.74609375,26168.27734375,26478.6015625,26623.349609375,27322.142578125,28719.86328125,29236.921875,30061.55078125,31159.0234375,31927.59375,30509.76953125
Slovenia,SVN,,,,,,21480.328125,22182.2109375,23333.71875,24151.5390625,25421.294921875,26276.9453125,27079.474609375,27994.0625,28805.384765625,30041.814453125,31128.830078125,32812.73828125,34907.3671875,36075.46875,33052.2265625,33350.61328125,33568.06640625,32613.490234375,32234.025390625,33093.75,33799.7265625,34853.04296875,36507.5546875,37984.1328125,38946.68359375,37050.546875
Solomon Islands,SLB,2317.99951171875,2388.81640625,2617.056396484375,2645.583251953125,2779.9208984375,2975.2783203125,2939.337890625,2832.054931640625,2790.23779296875,2701.3740234375,2253.61083984375,2018.94091796875,1910.718017578125,1982.681396484375,2061.388916015625,2122.963623046875,2174.5263671875,2220.379150390625,2296.892333984375,2301.587646484375,2439.8623046875,2551.263671875,2530.759033203125,2594.461669921875,2551.401123046875,2518.6474609375,2596.5458984375,2663.939453125,2697.646484375,2660.979736328125,2482.871826171875
Somalia,SOM,,,,,,,,,,,,,,,,,,,,,,,,877.301025390625,917.8765258789062,1026.0382080078125,1081.763916015625,1079.1124267578125,1129.531494140625,1186.450927734375,1180.9659423828125
South Africa,ZAF,11260.888671875,10874.8212890625,10379.98046875,10253.193359375,10338.62109375,10434.87890625,10676.103515625,10763.478515625,10645.2373046875,10739.373046875,11033.8564453125,11181.689453125,11449.818359375,11644.099609375,12027.0810546875,12506.001953125,13040.9794921875,13563.7265625,13811.0615234375,13410.71484375,13618.7255859375,13837.6689453125,13946.9482421875,14066.1025390625,14040.826171875,14010.1044921875,13897.1396484375,13860.2705078125,13875.935546875,13709.966796875,12665.83203125
South Korea,KOR,12656.396484375,13882.4208984375,14590.533203125,15436.3876953125,16698.275390625,18120.494140625,19364.94140625,20367.974609375,19184.224609375,21232.609375,22963.638671875,23893.896484375,25591.3984375,26260.369140625,27515.951171875,28640.70703125,29990.521484375,31569.931640625,32275.125,32363.96875,34394.4921875,35388.9765625,36049.1953125,37021.1328125,37967.4765625,38828.7421875,39814.66015625,40957.41796875,41965.890625,42758.58984375,42335.8671875
Spain,ESP,27543.919921875,28173.38671875,28296.255859375,27859.54296875,28388.01171875,29042.34375,29691.09765625,30661.654296875,31876.439453125,33173.1171875,34757.61328125,35874.75390625,36337.5546875,36750.44140625,37249.7734375,37963.3671875,38858.47265625,39520.82421875,39240.39453125,37430.6796875,37319.4765625,36884.2578125,35769.4609375,35371.73828125,35968.62109375,37377.06640625,38477.578125,39528.92578125,40256.953125,40802.48828125,36210.875
Sri Lanka,LKA,3878.309326171875,4008.13818359375,4137.05322265625,4376.12841796875,4577.861328125,4790.3486328125,4938.71044921875,5225.57763671875,5443.48388671875,5647.55810546875,5949.97021484375,5816.47412109375,5999.2568359375,6302.2158203125,6589.46337890625,6944.2265625,7419.4140625,7865.3681640625,8274.17578125,8507.5927734375,9126.865234375,9827.6220703125,10712.3974609375,10990.0703125,11428.107421875,11890.5166015625,12287.47265625,12584.1044921875,12860.3212890625,13070.1259765625,12536.94140625
Sudan,SDN,2972.822265625,3114.55126953125,3234.589599609375,3295.489013671875,3242.503173828125,3347.191650390625,3451.7939453125,3714.855712890625,3770.704345703125,3782.325927734375,3912.51708984375,4052.5068359375,4177.68017578125,4318.017578125,4414.89697265625,4535.84521484375,4699.75048828125,4834.11083984375,4885.30859375,4625.2470703125,4680.77099609375,4956.59423828125,4576.4736328125,4555.34765625,4654.06396484375,4630.1552734375,4677.16015625,4598.85009765625,4369.76171875,4173.56640625,3927.0439453125
Suriname,SUR,13888.90625,13993.1396484375,13793.6513671875,12647.8837890625,12865.376953125,12668.779296875,12614.0146484375,13158.103515625,13294.67578125,12952.4462890625,13068.2060546875,13456.2060546875,13670.791015625,14361.9931640625,15401.5185546875,15908.30078125,16635.740234375,17284.626953125,17793.99609375,18120.32421875,18840.369140625,19716.931640625,20020.314453125,20379.87109375,20210.99609375,19317.0546875,18180.603515625,18283.6875,19005.654296875,19036.744140625,15864.55078125
Sweden,SWE,34156.8203125,33536.015625,32953.6171875,32086.01171875,33110.82421875,34233.703125,34719.109375,35764.68359375,37286.09375,38839.42578125,40625.36328125,41103.7265625,41870.2578125,42678.28515625,44354.390625,45440.296875,47292.3125,48557.3828125,47963.4921875,45492.76953125,47791.37109375,48947.4375,48300.84375,48462.16015625,49258.99609375,50928.96484375,51334.43359375,51947.953125,52349.29296875,52850.5703125,50923.109375
Switzerland,CHE,56329.21484375,55120.11328125,54491.8984375,53929.859375,54181.00390625,54078.953125,54106.5703125,55201.203125,56724.50390625,57440.0546875,59389.42578125,59944.77734375,59489.75,59022.3515625,60271.93359375,61613.390625,63686.25,65641.7109375,66598.859375,64404.078125,65819.734375,66342.0078125,66440.2890625,66877.1640625,67682.6875,68025.921875,68663.2421875,69103.5703125,70597.2890625,70944.3515625,68755.4375
Tajikistan,TJK,4092.861572265625,3720.018798828125,2592.322998046875,2131.990478515625,1652.511962890625,1425.8304443359375,1170.149169921875,1172.374267578125,1216.431884765625,1242.4151611328125,1324.909912109375,1428.3685302734375,1555.9505615234375,1696.8248291015625,1837.651123046875,1924.116943359375,2019.1695556640625,2133.493896484375,2255.022705078125,2293.712646484375,2390.022216796875,2510.1572265625,2637.654296875,2767.8369140625,2884.2001953125,2984.494873046875,3113.254638671875,3252.9326171875,3415.322265625,3581.411376953125,3657.573486328125
Tanzania,TZA,1392.221923828125,1374.6514892578125,1336.3802490234375,1307.6708984375,1286.48876953125,1294.0113525390625,1317.559814453125,1331.3731689453125,1349.2059326171875,1382.106201171875,1409.4539794921875,1456.5667724609375,1518.094482421875,1574.777587890625,1645.8399658203125,1719.727783203125,1781.277587890625,1848.9854736328125,1899.4820556640625,1943.0408935546875,2006.9713134765625,2098.276611328125,2128.52880859375,2205.951416015625,2284.961669921875,2354.138916015625,2441.636962890625,2530.603271484375,2590.201171875,2660.637451171875,2635.356689453125
Thailand,THA,7102.05615234375,7619.0361328125,8152.5,8745.5517578125,9358.7080078125,10017.93359375,10467.455078125,10059.376953125,9180.01953125,9489.818359375,9809.6220703125,10053.8154296875,10583.76171875,11260.158203125,11886.32421875,12304.40234375,12837.8779296875,13460.060546875,13620.5322265625,13458.5263671875,14399.044921875,14450.478515625,15424.5439453125,15767.3603515625,15854.1318359375,16285.38671875,16782.099609375,17422.953125,18095.736328125,18453.470703125,17284.701171875
Togo,TGO,1787.1744384765625,1733.9215087890625,1629.919677734375,1355.312744140625,1523.740234375,1602.199951171875,1694.6480712890625,1879.03955078125,1777.76416015625,1765.4779052734375,1700.44140625,1667.65380859375,1686.6683349609375,1754.90576171875,1694.1458740234375,1573.6837158203125,1572.9949951171875,1513.1611328125,1532.4239501953125,1573.970703125,1625.54541015625,1683.8563232421875,1746.9312744140625,1805.4888916015625,1863.2818603515625,1920.4693603515625,1976.8077392578125,2012.24072265625,2061.334228515625,2121.89990234375,2107.877685546875
Tonga,TON,3765.39013671875,3999.61767578125,4003.180908203125,4145.95556640625,4342.96728515625,4652.09326171875,4721.57470703125,4761.83056640625,4858.04638671875,5015.63134765625,5034.4150390625,5195.57275390625,5417.693359375,5511.1240234375,5344.83203125,5312.3740234375,5262.4443359375,5232.31689453125,5438.07763671875,5129.89111328125,5166.93212890625,5541.77197265625,5632.091796875,5703.419921875,5861.46435546875,5944.45263671875,6312.326171875,6467.12451171875,6411.28955078125,6378.12841796875,6346.99951171875
Trinidad and Tobago,TTO,10080.837890625,10327.048828125,11299.697265625,11161.6328125,11505.001953125,11898.8330078125,12713.82421875,13645.4072265625,14732.275390625,15886.4599609375,16939.525390625,17583.654296875,18896.25390625,21518.009765625,23110.751953125,24424.857421875,27522.37109375,28700.8828125,29538.91015625,28103.26953125,28879.287109375,28621.107421875,28798.49609375,29247.009765625,28796.55859375,29053.333984375,27281.857421875,26342.6171875,26250.373046875,25827.884765625,23722.478515625
Tunisia,TUN,5795.56640625,5889.42626953125,6212.03857421875,6216.6640625,6291.24609375,6328.0693359375,6676.43408203125,6943.947265625,7188.337890625,7541.3115234375,7819.43017578125,8045.3662109375,8087.89794921875,8405.1953125,8860.7265625,9092.9951171875,9481.251953125,10015.7626953125,10330.2412109375,10532.11328125,10789.6123046875,10504.734375,10810.025390625,10934.876953125,11118.9248046875,11112.853515625,11113.7744140625,11234.4892578125,11385.3662109375,11417.126953125,10260.0654296875
Turkey,TUR,12629.466796875,12507.3076171875,12923.0791015625,13689.6611328125,12844.20703125,13637.6171875,14413.1611328125,15261.537109375,15384.5537109375,14653.697265625,15433.5869140625,14330.41796875,15031.22265625,15670.41796875,16968.873046875,18251.669921875,19277.53125,20009.689453125,19933.06640625,18731.51953125,20027.666015625,21932.294921875,22610.68359375,24117.658203125,24881.728515625,25958.640625,26385.001953125,27913.818359375,28318.435546875,28197.248046875,28393.466796875
Turkmenistan,TKM,7207.93408203125,6685.07177734375,5523.28955078125,5451.0625,4393.75927734375,3987.545654296875,4175.81982421875,3642.18896484375,3849.2109375,4431.4599609375,4622.07861328125,4772.1767578125,4736.78076171875,4843.56689453125,5034.248046875,5629.06982421875,6174.73779296875,6773.095703125,7665.4521484375,8015.8095703125,8616.8896484375,9717.6416015625,10604.0,11471.1845703125,12421.3701171875,12993.5322265625,13562.5283203125,14205.0263671875,14845.3447265625,15538.419921875,
Turks and Caicos Islands,TCA,,,,,,,,,,,,,,,,,,,,,,23761.20703125,23049.447265625,22849.576171875,24392.021484375,26693.103515625,28175.25390625,27060.58984375,28160.888671875,29251.078125,21126.94921875
Tuvalu,TUV,2610.76904296875,2673.78662109375,2719.393310546875,2805.312255859375,3072.0771484375,2906.09619140625,2727.2802734375,2996.558349609375,3459.577880859375,3401.10400390625,3350.87939453125,3374.73486328125,3597.225830078125,3430.46533203125,3333.68310546875,3167.25,3196.30859375,3365.695068359375,3600.562744140625,3408.5712890625,3281.502197265625,3493.275390625,3322.387451171875,3440.820556640625,3447.796142578125,3720.305419921875,3787.816650390625,3896.74853515625,3945.563720703125,4274.76318359375,4411.0029296875
Uganda,UGA,913.7267456054688,932.2898559570312,932.5701904296876,977.8555908203124,1008.0112915039062,1090.044189453125,1153.9063720703125,1177.889892578125,1200.446044921875,1259.7386474609375,1260.9844970703125,1286.170654296875,1355.240234375,1397.7982177734375,1446.15087890625,1489.7781982421875,1599.215576171875,1679.9561767578125,1769.5244140625,1830.9547119140625,1873.5137939453125,1985.2713623046875,1996.9173583984373,2002.72265625,2035.584228515625,2067.5888671875,2088.6474609375,2074.65234375,2124.792236328125,2182.899658203125,2175.031005859375
Ukraine,UKR,16428.48046875,14967.7333984375,13447.1640625,11531.298828125,8934.775390625,7906.95703125,7179.677734375,7028.04638671875,6956.39892578125,7008.24365234375,7496.81298828125,8242.703125,8765.6826171875,9678.0869140625,10902.0380859375,11319.5107421875,12259.158203125,13345.771484375,13719.271484375,11694.4482421875,12221.4404296875,12933.3564453125,12985.0869140625,13020.6005859375,12385.8134765625,11216.1181640625,11536.31640625,11860.560546875,12336.9267578125,12804.955078125,12375.921875
United Arab Emirates,ARE,111454.0546875,106103.5546875,103470.921875,98978.4765625,100213.15625,101570.9921875,102211.640625,105109.0,100100.4375,97698.5390625,102494.7109375,98621.5390625,95909.1484375,97795.0234375,97757.8515625,90894.8984375,86425.8984375,76620.3125,68798.421875,58374.6171875,54921.796875,56122.578125,57389.3203125,59920.15234375,62452.18359375,65267.4140625,66510.890625,67183.6015625,66968.21875,68263.671875,63299.421875
United Kingdom,GBR,31217.21875,30777.52734375,30817.517578125,31509.189453125,32637.837890625,33375.7109375,34099.31640625,35681.2421875,36699.51953125,37671.0703125,38915.19921875,39569.15234375,40238.5859375,41265.17578125,41997.60546875,42791.8984375,43576.19921875,44219.48828125,43767.6953125,41592.9296875,42147.765625,42429.2109375,42754.5390625,43271.828125,44239.15234375,45041.05859375,45712.78515625,46372.38671875,46853.19921875,47368.5859375,42675.78125
United States,USA,40436.9375,39856.9921875,40692.63671875,41264.65625,42403.92578125,43026.71875,44133.48046875,45516.00390625,47004.61328125,48676.66015625,50124.890625,50126.71875,50528.7890625,51529.7265625,52994.55078125,54353.0703125,55368.359375,55873.24609375,55271.65625,53399.3671875,54315.9140625,54758.83203125,55581.4140625,56214.4296875,57213.26953125,58540.296875,59112.2421875,60109.65625,61585.7578125,62630.875,59919.8203125
Uruguay,URY,11066.12890625,11377.03125,12190.6484375,12422.958984375,13230.0322265625,12944.99609375,13569.80859375,14627.1279296875,15191.0478515625,14820.123046875,14482.7548828125,13901.994140625,12824.873046875,12937.4267578125,13593.732421875,14606.4658203125,15188.64453125,16151.369140625,17266.53125,17948.4296875,19293.740234375,20231.572265625,20885.10546875,21786.212890625,22419.04296875,22425.830078125,22724.021484375,23009.875,23035.083984375,23032.734375,21608.4296875
Uzbekistan,UZB,3638.876953125,3544.586181640625,3074.658935546875,2936.4482421875,2729.6376953125,2656.632568359375,2650.609619140625,2736.364990234375,2808.4609375,2897.820068359375,2967.601806640625,3052.281494140625,3134.961181640625,3229.847900390625,3430.628662109375,3626.620849609375,3849.594482421875,4154.70263671875,4457.69921875,4735.9951171875,4953.96142578125,5185.6845703125,5472.83349609375,5781.15673828125,6075.1923828125,6401.115234375,6663.94970703125,6840.7099609375,7082.92529296875,7348.14697265625,7331.85986328125
Vanuatu,VUT,2855.900634765625,2864.81884765625,2854.4560546875,2793.240966796875,2965.504150390625,2923.4404296875,2929.46142578125,3017.052490234375,2999.906982421875,2955.68994140625,3068.095947265625,2897.359130859375,2679.92041015625,2724.14453125,2761.115966796875,2835.927001953125,3002.859130859375,3017.516357421875,3112.333251953125,3129.64501953125,3088.978759765625,3101.328857421875,3046.685791015625,2975.89794921875,2984.605224609375,2915.700439453125,2973.467529296875,3081.835205078125,3093.46142578125,3137.240966796875,2854.29248046875
Vietnam,VNM,1673.249755859375,1736.0140380859375,1847.6204833984373,1957.64453125,2091.599365234375,2252.6337890625,2425.5263671875,2587.05517578125,2701.7705078125,2797.78564453125,2954.98291015625,3105.6435546875,3269.87548828125,3462.880126953125,3689.732421875,3931.765380859375,4167.107421875,4422.28515625,4628.02978515625,4830.30517578125,5089.4111328125,5352.02197265625,5574.49365234375,5815.17529296875,6098.5390625,6438.259765625,6767.77880859375,7155.443359375,7585.943359375,8041.17822265625,8200.33203125
World,OWID_WRL,9677.6962890625,9647.419921875,9647.751953125,9655.9150390625,9778.240234375,9934.82421875,10163.552734375,10407.6708984375,10516.0751953125,10736.318359375,11097.3154296875,11206.16015625,11363.83203125,11639.66796875,12079.0556640625,12473.068359375,12952.1142578125,13453.8662109375,13642.6748046875,13383.3828125,13892.3330078125,14260.642578125,14528.708984375,14824.5078125,15149.4501953125,15480.7646484375,15803.5283203125,16211.0498046875,16607.765625,16897.171875,16185.1650390625
Zambia,ZMB,2190.181640625,2133.6875,2045.9735107421875,2133.263671875,1902.392822265625,1908.6988525390625,1974.6151123046875,1994.8492431640625,1933.0037841796875,1968.2152099609373,1990.8590087890625,2042.5374755859373,2080.19580078125,2168.333251953125,2261.766845703125,2362.90234375,2483.2080078125,2619.721435546875,2747.4384765625,2917.515625,3125.52880859375,3201.2880859375,3339.27001953125,3399.702392578125,3450.03759765625,3443.55322265625,3467.887451171875,3485.021728515625,3521.5458984375,3470.435546875,3277.81640625
Zimbabwe,ZWE,4166.52587890625,4294.6689453125,3828.79541015625,3801.99365234375,4090.800048828125,4043.77392578125,4412.27783203125,4486.99462890625,4579.58203125,4513.068359375,4353.3681640625,4400.328125,3998.771484375,3311.44140625,3109.347412109375,2917.984375,2798.71728515625,2674.376220703125,2179.8525390625,2413.126708984375,2849.079345703125,3203.87060546875,3674.874267578125,3681.947265625,3703.897216796875,3707.62255859375,3678.217041015625,3795.642333984375,3923.030517578125,3630.033935546875,3353.411376953125
